fms_id,kind,reserve_flag,delivery,basis,status,evidence
13201603,physical,,,review: a data centre built as part of the hospital's own building work; physical (was overhead: a data centre; enterprise IT unless part of a building's own work),reviewed,"fb86-vt7u report 202605, phase '(Pending)', budget line 'HO-0214': 'HARLEM: WP DECANTING, ONR DEMOLITION, & NEW DATA CENTER'"
8THSTREET,physical,,funding_agreement,"rule: physical work, listed as (Funding Agreement)",reviewed,"fb86-vt7u report 202605, phase '(Funding Agreement)', budget line 'ED-0075': 'FA - Village Alliance - Reconstruction of St. & Sidewalks'"
ACEDEP251,physical,,job_order_contract,"rule: physical work, listed as (Job Order Contract)",reviewed,"fb86-vt7u report 202605, phase '(Job Order Contract)', budget line 'PU-0025': 'Fugitive Emissions Abatement at 14 WWRFs'"
ACEDOT222,physical,,,"rule: physical work, listed as (Equipment)",reviewed,"fb86-vt7u report 202605, phase '(Equipment)', budget line 'HW-0003 , PU-0025': 'HVAC Upgrades at Fleet Services Maintenance and Repair'"
ACEDOT602,physical,,,"rule: physical work, listed as (Lump Sum)",reviewed,"fb86-vt7u report 202605, phase '(Lump Sum)', budget line 'HW-0003': 'DOT - Various locations- Rooftop Solar'"
AIR-MON2,physical,,,"rule: physical work, listed as (Holding Code)",reviewed,"fb86-vt7u report 202605, phase '(Holding Code)', budget line 'EP-0006': 'Air Monitoring Analysis'"
AMMI2004,physical,,funding_agreement,"rule: physical work, listed as (Funding Agreement)",reviewed,"fb86-vt7u report 202605, phase '(Funding Agreement)', budget line 'ED-D075': 'FA - Museum of the Moving Image'"
ASB-REM,physical,,,"rule: physical work, listed as (Holding Code)",reviewed,"fb86-vt7u report 202605, phase '(Holding Code)', budget line 'EP-0006': 'Asbestos Removal'"
AUSTENFB,physical,,requirements_contract,"rule: physical work, listed as (Requirements Contract)",reviewed,"fb86-vt7u report 202605, phase '(Requirements Contract)', budget line 'FA-0313': 'Drydock Austen Class Ferryboats'"
BA001-022,physical,,,"rule: physical work, listed as (Equipment)",reviewed,"fb86-vt7u report 202605, phase '(Equipment)', budget line 'HN-0300': '17 Lexington Multi-purpose Room'"
BA013-013,physical,,,"review: data centre, power and cooling built into a campus building; physical (was overhead: a data centre; enterprise IT unless part of a building's own work)",reviewed,"fb86-vt7u report 202605, phase '(Equipment)', budget line 'HN-D300': 'Data Center, UPS, and Cooling'"
BEDC-JOCS,physical,,job_order_contract,"rule: physical work, listed as (Job Order Contract)",reviewed,"fb86-vt7u report 202605, phase '(Job Order Contract)', budget line 'W -0013': 'JOB ORDER CONTRACTING WORK TO SUPPLEMENT BEDC CAPITAL CONSTR'"
BEDSTLIG,physical,,requirements_contract,"rule: physical work, listed as (Requirements Contract)",reviewed,"fb86-vt7u report 202605, phase '(Requirements Contract)', budget line 'TF-D503 , TF-K503': 'DOT BEDFORD HISTORIC LIGHT RESTORATION, BROOKLYN'"
BIKE2030,physical,,,"rule: physical work, listed as (Lump Sum)",reviewed,"fb86-vt7u report 202605, phase '(Lump Sum)', budget line 'HW-0003 , TD-0018 , TF-0001': 'BIKE NETWORK DEVELOPMENT 2030'"
BKBHAZMIG,physical,,,"rule: physical work, listed as (Lump Sum)",reviewed,"fb86-vt7u report 202605, phase '(Lump Sum)', budget line 'BR-0270': 'BROOKLYN BRIDGE - HAZARD MITIGATION'"
BKBRDGITS,physical,,requirements_contract,"rule: physical work, listed as (Requirements Contract)",reviewed,"fb86-vt7u report 202605, phase '(Requirements Contract)', budget line 'TF-0001': 'Brooklyn Bridge Approaches-DOT ITS'"
BMTMATCH,physical,,,"rule: physical work, listed as (Lump Sum)",reviewed,"fb86-vt7u report 202605, phase '(Lump Sum)', budget line 'ED-0075': 'BMT Grant Local Match'"
BNY212MWB,physical,,pass_through,"rule: physical work, listed as (Pass-Through Fund)",reviewed,"fb86-vt7u report 202605, phase '(Pass-Through Fund)', budget line 'ED-0319': 'BNYDC Building 212 MWBE Subdivision'"
BNY5THST,physical,,pass_through,"rule: physical work, listed as (Pass-Through Fund)",reviewed,"fb86-vt7u report 202605, phase '(Pass-Through Fund)', budget line 'ED-0319': 'BNYDC 5th Street Reconstruction'"
BNY910SBB,physical,,pass_through,"rule: physical work, listed as (Pass-Through Fund)",reviewed,"fb86-vt7u report 202605, phase '(Pass-Through Fund)', budget line 'ED-0319': 'BNYDC Berths 9, 10 and Small Boat Basin Structural Work'"
BNYB120FS,physical,,pass_through,"rule: physical work, listed as (Pass-Through Fund)",reviewed,"fb86-vt7u report 202605, phase '(Pass-Through Fund)', budget line 'ED-0319': 'BNYDC Building 120 Fire Alarm and Sprinklers Rehabilitation'"
BNYB12FSP,physical,,pass_through,"rule: physical work, listed as (Pass-Through Fund)",reviewed,"fb86-vt7u report 202605, phase '(Pass-Through Fund)', budget line 'ED-0319': 'BNYDC Building 12 Fire Alarm and Sprinkler Rehabilitation'"
BNYB131FS,physical,,pass_through,"rule: physical work, listed as (Pass-Through Fund)",reviewed,"fb86-vt7u report 202605, phase '(Pass-Through Fund)', budget line 'ED-0319': 'BNYDC Building 131 Fire Alarm and Sprinkler Rehabilitation'"
BNYB132RH,physical,,pass_through,"rule: physical work, listed as (Pass-Through Fund)",reviewed,"fb86-vt7u report 202605, phase '(Pass-Through Fund)', budget line 'ED-0319': 'BNYDC Building 132 Rehabilitation'"
BNYB275FS,physical,,pass_through,"rule: physical work, listed as (Pass-Through Fund)",reviewed,"fb86-vt7u report 202605, phase '(Pass-Through Fund)', budget line 'ED-0319': 'BNYDC Building 275 Fire Alarm and Sprinkler Rehabilitation'"
BNYB275RF,physical,,pass_through,"rule: physical work, listed as (Pass-Through Fund)",reviewed,"fb86-vt7u report 202605, phase '(Pass-Through Fund)', budget line 'ED-0319': 'BNYDC Building 275 Roof and Facade Rehabilitation'"
BNYB280RF,physical,,pass_through,"rule: physical work, listed as (Pass-Through Fund)",reviewed,"fb86-vt7u report 202605, phase '(Pass-Through Fund)', budget line 'ED-0319': 'BNYDC Building 280 Roof'"
BNYB292RH,physical,,pass_through,"rule: physical work, listed as (Pass-Through Fund)",reviewed,"fb86-vt7u report 202605, phase '(Pass-Through Fund)', budget line 'ED-0319': 'BNYDC Building 292 Rehabilitation'"
BNYB3SUBD,physical,,pass_through,"rule: physical work, listed as (Pass-Through Fund)",reviewed,"fb86-vt7u report 202605, phase '(Pass-Through Fund)', budget line 'ED-0319': 'BNYDC Building 3 Subdivision'"
BNYB50REH,physical,,pass_through,"rule: physical work, listed as (Pass-Through Fund)",reviewed,"fb86-vt7u report 202605, phase '(Pass-Through Fund)', budget line 'ED-0319': 'BNYDC Building 50 Rehabilitation'"
BNYB5RFGD,physical,,pass_through,"rule: physical work, listed as (Pass-Through Fund)",reviewed,"fb86-vt7u report 202605, phase '(Pass-Through Fund)', budget line 'ED-0319': 'BNYDC Building 5 Roof Guards Installation'"
BNYB62REH,physical,,pass_through,"rule: physical work, listed as (Pass-Through Fund)",reviewed,"fb86-vt7u report 202605, phase '(Pass-Through Fund)', budget line 'ED-0319': 'BNYDC Building 62 Rehabilitation'"
BNYB62RFR,physical,,pass_through,"rule: physical work, listed as (Pass-Through Fund)",reviewed,"fb86-vt7u report 202605, phase '(Pass-Through Fund)', budget line 'ED-0319': 'BNYDC Building 62 Roof and Facade Rehabilitation'"
BNYB772FL,physical,,pass_through,"rule: physical work, listed as (Pass-Through Fund)",reviewed,"fb86-vt7u report 202605, phase '(Pass-Through Fund)', budget line 'ED-0319': 'BNYDC Building 77 - Second Floor Storage'"
BNYB77CTW,physical,,pass_through,"rule: physical work, listed as (Pass-Through Fund)",reviewed,"fb86-vt7u report 202605, phase '(Pass-Through Fund)', budget line 'ED-0319': 'BNYDC Building 77 Cooling Tower Rehabilitation'"
BNYB77PSG,physical,,pass_through,"rule: physical work, listed as (Pass-Through Fund)",reviewed,"fb86-vt7u report 202605, phase '(Pass-Through Fund)', budget line 'ED-0319': 'BNYDC Building 77 Production Space G'"
BNYB92MBE,physical,,pass_through,"rule: physical work, listed as (Pass-Through Fund)",reviewed,"fb86-vt7u report 202605, phase '(Pass-Through Fund)', budget line 'ED-K319': 'BNYDC MBE RETAIL PILOTING AT BUILDING 92'"
BNYBD132,physical,,pass_through,"rule: physical work, listed as (Pass-Through Fund)",reviewed,"fb86-vt7u report 202605, phase '(Pass-Through Fund)', budget line 'ED-0319': 'BNYDC Building 132 Roof Rehabilitation'"
BNYBDELEV,physical,,pass_through,"rule: physical work, listed as (Pass-Through Fund)",reviewed,"fb86-vt7u report 202605, phase '(Pass-Through Fund)', budget line 'ED-0319 , ED-K319': 'BNYDC Elevator Reconstruction and Replacement'"
BNYCUNY,physical,,pass_through,"rule: physical work, listed as (Pass-Through Fund)",reviewed,"fb86-vt7u report 202605, phase '(Pass-Through Fund)', budget line 'ED-0319 , ED-D319 , ED-K319': 'BNYDC - CUNY Building 3 7th Floor Buildout'"
BNYDCSUBF,physical,,pass_through,"rule: physical work, listed as (Pass-Through Fund)",reviewed,"fb86-vt7u report 202605, phase '(Pass-Through Fund)', budget line 'ED-0319': 'BNYDC Con Edison Substation F Upgrade'"
BNYDCWELD,physical,,pass_through,"rule: physical work, listed as (Pass-Through Fund)",reviewed,"fb86-vt7u report 202605, phase '(Pass-Through Fund)', budget line 'ED-D319 , ED-K319': 'BNYDC Welding Lab'"
BNYELCMTR,physical,,pass_through,"rule: physical work, listed as (Pass-Through Fund)",reviewed,"fb86-vt7u report 202605, phase '(Pass-Through Fund)', budget line 'ED-0319': 'BNYDC Yardwide Building Electric Meters Installation'"
BNYFNCLIN,physical,,pass_through,"rule: physical work, listed as (Pass-Through Fund)",reviewed,"fb86-vt7u report 202605, phase '(Pass-Through Fund)', budget line 'ED-0319 , ED-D319 , ED-K319': 'BNYDC Fence Line Restructuring'"
BNYHARBOR,physical,,pass_through,"rule: physical work, listed as (Pass-Through Fund)",reviewed,"fb86-vt7u report 202605, phase '(Pass-Through Fund)', budget line 'ED-K319': 'BNYDC PS 331 NY Harbor School Trailer Installation'"
BNYHITN,physical,,pass_through,"rule: physical work, listed as (Pass-Through Fund)",reviewed,"fb86-vt7u report 202605, phase '(Pass-Through Fund)', budget line 'ED-K319': 'BNYDC HITN Eco-Rooftop Production Studio'"
BNYINF-BD,physical,,pass_through,"rule: physical work, listed as (Pass-Through Fund)",reviewed,"fb86-vt7u report 202605, phase '(Pass-Through Fund)', budget line 'ED-0319 , ED-D319 , ED-K319': 'BNYDC Infrastructure Building Rehab'"
BNYINF-WF,physical,,pass_through,"rule: physical work, listed as (Pass-Through Fund)",reviewed,"fb86-vt7u report 202605, phase '(Pass-Through Fund)', budget line 'ED-0319': 'BNYDC Infrastructure Waterfront'"
BNYLL11,physical,,pass_through,"rule: physical work, listed as (Pass-Through Fund)",reviewed,"fb86-vt7u report 202605, phase '(Pass-Through Fund)', budget line 'ED-0319': 'BNYDC Local Law 11 Compliance - Buildings 3 and 5'"
BNYMWBEEI,physical,,pass_through,"rule: physical work, listed as (Pass-Through Fund)",reviewed,"fb86-vt7u report 202605, phase '(Pass-Through Fund)', budget line 'ED-D319 , ED-K319': 'BNYDC MWBE Equity Incubator'"
BNYMWBEFO,physical,,pass_through,"rule: physical work, listed as (Pass-Through Fund)",reviewed,"fb86-vt7u report 202605, phase '(Pass-Through Fund)', budget line 'ED-0319': 'BNYDC - MWBE Industrial Space Fit Out Funding'"
BNYOPENTR,physical,,pass_through,"rule: physical work, listed as (Pass-Through Fund)",reviewed,"fb86-vt7u report 202605, phase '(Pass-Through Fund)', budget line 'ED-0319': 'BNYDC Open Space and Traffic Realignment'"
BNYPRATT2,physical,,pass_through,"rule: physical work, listed as (Pass-Through Fund)",reviewed,"fb86-vt7u report 202605, phase '(Pass-Through Fund)', budget line 'ED-K319': 'BNYDC Pratt'"
BNYRPZBFL,physical,,pass_through,"rule: physical work, listed as (Pass-Through Fund)",reviewed,"fb86-vt7u report 202605, phase '(Pass-Through Fund)', budget line 'ED-0319': 'BNYDC Installation of RPZ Backflow Devices'"
BNYSPKFIR,physical,,pass_through,"rule: physical work, listed as (Pass-Through Fund)",reviewed,"fb86-vt7u report 202605, phase '(Pass-Through Fund)', budget line 'ED-0319': 'BNYDC Sprinkler and Fire Alarm System Upgrades'"
BNYSTEAM2,physical,,pass_through,"rule: physical work, listed as (Pass-Through Fund)",reviewed,"fb86-vt7u report 202605, phase '(Pass-Through Fund)', budget line 'ED-K319': 'BNYDC Brooklyn STEAM Center BP'"
BNYTIFUND,physical,,pass_through,"rule: physical work, listed as (Pass-Through Fund)",reviewed,"fb86-vt7u report 202605, phase '(Pass-Through Fund)', budget line 'ED-0319': 'BNYDC Tenant Improvement Fund'"
BNYUBFARM,physical,,pass_through,"rule: physical work, listed as (Pass-Through Fund)",reviewed,"fb86-vt7u report 202605, phase '(Pass-Through Fund)', budget line 'ED-K319': 'BNYDC Urban Farm Incubator'"
BNYUPSTM,physical,,pass_through,"rule: physical work, listed as (Pass-Through Fund)",reviewed,"fb86-vt7u report 202605, phase '(Pass-Through Fund)', budget line 'ED-0319': 'BNYDC Above Ground Steam Main'"
BUSLANSY3,physical,,requirements_contract,"rule: physical work, listed as (Requirements Contract)",reviewed,"fb86-vt7u report 202605, phase '(Requirements Contract)', budget line 'TF-0001': 'PURCHASE & INSTALL BUS LANE PHOTO ENFORCEMENT SYSTEM'"
BWSJOCG26,physical,,job_order_contract,"rule: physical work, listed as (Job Order Contract)",reviewed,"fb86-vt7u report 202605, phase '(Job Order Contract)', budget line 'WM-0030': 'BWS Job Order Contract General Construction - Upstate NY'"
BWSJOCH26,physical,,job_order_contract,"rule: physical work, listed as (Job Order Contract)",reviewed,"fb86-vt7u report 202605, phase '(Job Order Contract)', budget line 'WM-0030': 'BWS Job Order Contract - HVAC'"
BWSJOCI24,physical,,job_order_contract,"rule: physical work, listed as (Job Order Contract)",reviewed,"fb86-vt7u report 202605, phase '(Job Order Contract)', budget line 'WM-0011 , WM-0105': 'Facilities Improvement Program - In City JOC'"
C130PANEL,physical,,,"rule: physical work, listed as (Holding Code)",reviewed,"fb86-vt7u report 202605, phase '(Holding Code)', budget line 'C -0130': 'REPLACEMENT OF ELECTRICAL DISTRIBUTION PANELS- RI POWERHOUSE'"
C5447,physical,,,"rule: physical work, listed as (Lump Sum)",reviewed,"fb86-vt7u report 202605, phase '(Lump Sum)', budget line 'FA-0021 , FA-0021 , FA-0026 , FA-0027 , FA-0027 , FA-0313 , FA-D001': 'MISCELLANEOUS UPGRADES TO FERRYBOATS'"
C5517B,physical,,,"rule: physical work, listed as (Equipment)",reviewed,"fb86-vt7u report 202605, phase '(Equipment)', budget line 'FA-0021': 'DOCKBUILDING HARDWOOD TIMBER'"
C75FENCE4,physical,,,"rule: physical work, listed as (Holding Code)",reviewed,"fb86-vt7u report 202605, phase '(Holding Code)', budget line 'C -0075': 'Fencing Construction'"
CA002-021,physical,,,"rule: physical work, listed as (Equipment)",reviewed,"fb86-vt7u report 202605, phase '(Equipment)', budget line 'HN-M300': 'SPS - Virtual Online Desktop - Informatics & Data Analytics'"
CA002-022,physical,,,"rule: physical work, listed as (Equipment)",reviewed,"fb86-vt7u report 202605, phase '(Equipment)', budget line 'HN-0206 , HN-0300': 'Technology Equipment and Facility upgrades'"
CA005-022,physical,,,"rule: physical work, listed as (Equipment)",reviewed,"fb86-vt7u report 202605, phase '(Equipment)', budget line 'HN-0300 , HN-M300': 'SPH Expansion and Renovation'"
CA025BX01,overhead,,,rule: enterprise IT,reviewed,"fb86-vt7u report 202605, phase '(Pending)', budget line 'HN-D002': 'CW IT Cabling Upgrade'"
CIVICHAL2,physical,,funding_agreement,"rule: physical work, listed as (Funding Agreement)",reviewed,"fb86-vt7u report 202605, phase '(Funding Agreement)', budget line 'ED-M075': 'Civic Hall: AI Applied Innovation Lab'"
CLBRSTROW,physical,,,"rule: physical work, listed as (Holding Code)",reviewed,"fb86-vt7u report 202605, phase '(Holding Code)', budget line 'SE-0005': 'CONSTRUCTION OF RIGHT-OF-WAY CLOUDBURST NEIGHBORHOODS'"
CO-HVAC,physical,,,"rule: physical work, listed as (Lump Sum)",reviewed,"fb86-vt7u report 202605, phase '(Lump Sum)', budget line 'CO-0264': 'VARIOUS PUBLIC BUILDINGS - COURTS HVAC UPGRADES'"
CO-LL5,physical,,,"rule: physical work, listed as (Lump Sum)",reviewed,"fb86-vt7u report 202605, phase '(Lump Sum)', budget line 'CO-0264': 'VARIOUS PUBLIC BUILDINGS - COURTS FIRE/LIFE SAFETY'"
CO-LL5FS,physical,,,"rule: physical work, listed as (Lump Sum)",reviewed,"fb86-vt7u report 202605, phase '(Lump Sum)', budget line 'CO-0264': 'VARIOUS PUBLIC BUILDINGS - COURTS FIRE SUPPRESSION DETECTION'"
CO264CADA,physical,,,"rule: physical work, listed as (Lump Sum)",reviewed,"fb86-vt7u report 202605, phase '(Lump Sum)', budget line 'CO-0264': 'CITYWIDE COURTS ADA LUMP SUM'"
CO264DCAS,physical,,,"rule: physical work, listed as (Lump Sum)",reviewed,"fb86-vt7u report 202605, phase '(Lump Sum)', budget line 'CO-0264': 'REHABILITATION OF VARIOUS COURT FACILITES'"
CPCDRAIN,physical,,,review: the city lists it as '(Expense)',reviewed,"fb86-vt7u report 202605, phase '(Expense)', budget line 'ED-0075': 'College Point - Drainage Rehab'"
CRO-M&A,physical,,,"rule: physical work, listed as (Holding Code)",reviewed,"fb86-vt7u report 202605, phase '(Holding Code)', budget line 'WM-0011': 'MITIGATION AND AMENITIES FOR WTP'"
DATACENTR,overhead,,,review: a data centre; enterprise IT unless part of a building's own work,reviewed,"fb86-vt7u report 202605, phase '(Pending)', budget line 'PW-0326': 'FISA Alternative Data Center'"
E22-0001,physical,,,"rule: physical work, listed as (Lump Sum)",reviewed,"fb86-vt7u report 202605, phase '(Lump Sum)', budget line 'PU-0025': 'DOE - DIRECT INSTALL LIGHTING PROGRAM - 605 SHEPHERD AVE, BK'"
E34CCTV,physical,,requirements_contract,"rule: physical work, listed as (Requirements Contract)",reviewed,"fb86-vt7u report 202605, phase '(Requirements Contract)', budget line 'FA-0027': 'East 34th St Ferry Landing CCTV upgrade'"
EDCDCAS,physical,,,"rule: physical work, listed as (Lump Sum)",reviewed,"fb86-vt7u report 202605, phase '(Lump Sum)', budget line 'PU-0100 , PW-0077': 'EDC-managed New Needs for DCAS'"
EDCLUMP,physical,,,"rule: physical work, listed as (Lump Sum)",reviewed,"fb86-vt7u report 202605, phase '(Lump Sum)', budget line 'ED-0075 , ED-0404': 'EDC Lump Sum'"
EMIDTWNRZ,physical,,,"rule: physical work, listed as (Lump Sum)",reviewed,"fb86-vt7u report 202605, phase '(Lump Sum)', budget line 'HW-0001': 'East Midtown Rezoning'"
FABOLLIS,physical,,requirements_contract,"rule: physical work, listed as (Requirements Contract)",reviewed,"fb86-vt7u report 202605, phase '(Requirements Contract)', budget line 'FA-0313': 'Drydock and Reconstruction of Ollis Class Ferryboats'"
FACLUMP,physical,,,"rule: physical work, listed as (Lump Sum)",reviewed,"fb86-vt7u report 202605, phase '(Lump Sum)', budget line 'HB-1014 , HW-0003': 'LUMP SUM FOR FACILITIES'"
FAVESSPC,physical,,,"rule: physical work, listed as (Equipment)",reviewed,"fb86-vt7u report 202605, phase '(Equipment)', budget line 'FA-0021': 'Ferry Terminals Vessel  Passenger Counters'"
FAWTCCTV,physical,,requirements_contract,"rule: physical work, listed as (Requirements Contract)",reviewed,"fb86-vt7u report 202605, phase '(Requirements Contract)', budget line 'FA-0021': 'WHT Terminal CCTV Upgrades'"
FERRYRACK,physical,,,"rule: physical work, listed as (Lump Sum)",reviewed,"fb86-vt7u report 202605, phase '(Lump Sum)', budget line 'FA-0021': 'CONSTRUCTION OF FERRY RACK'"
FMC-LEAD,physical,,,"rule: physical work, listed as (Holding Code)",reviewed,"fb86-vt7u report 202605, phase '(Holding Code)', budget line 'EP-0006': 'LEAD PAINT ABATEMENT & REMOVAL'"
GEAN2025,physical,,requirements_contract,"rule: physical work, listed as (Requirements Contract)",reviewed,"fb86-vt7u report 202605, phase '(Requirements Contract)', budget line 'TF-0CH1': 'Street Lighting Annual Construction'"
GI-CON-AS,physical,,,"rule: physical work, listed as (Holding Code)",reviewed,"fb86-vt7u report 202605, phase '(Holding Code)', budget line 'P -1018': 'GI - DPR ONSITE GREEN INFRASTRUCTURE ASPHALT'"
GI-GRANT,physical,,,"rule: physical work, listed as (Holding Code)",reviewed,"fb86-vt7u report 202605, phase '(Holding Code)', budget line 'WP-0169': 'GI - GREEN INFRASTRUCTURE GRANT PROGRAM'"
GIF-RPI,physical,,pass_through,"rule: physical work, listed as (Pass-Through Fund)",reviewed,"fb86-vt7u report 202605, phase '(Pass-Through Fund)', budget line 'ED-0075': 'Greenlight Innovation Fund-RPI'"
GIF-SURGE,physical,,funding_agreement,"rule: physical work, listed as (Funding Agreement)",reviewed,"fb86-vt7u report 202605, phase '(Funding Agreement)', budget line 'ED-0831': 'Greenlight Innovation Fund-Surge'"
GOVISB108,physical,,pass_through,"rule: physical work, listed as (Pass-Through Fund)",reviewed,"fb86-vt7u report 202605, phase '(Pass-Through Fund)', budget line 'ED-0831': 'Governors Island - Building 108'"
GOVISB110,physical,,pass_through,"rule: physical work, listed as (Pass-Through Fund)",reviewed,"fb86-vt7u report 202605, phase '(Pass-Through Fund)', budget line 'ED-0831': 'Governors Island - Building 110 Roof'"
GOVISB140,physical,,pass_through,"rule: physical work, listed as (Pass-Through Fund)",reviewed,"fb86-vt7u report 202605, phase '(Pass-Through Fund)', budget line 'ED-0831': 'Governors Island - Building 140'"
GOVISB301,physical,,pass_through,"rule: physical work, listed as (Pass-Through Fund)",reviewed,"fb86-vt7u report 202605, phase '(Pass-Through Fund)', budget line 'ED-0831': 'Governors Island - Building 301 Renovation'"
GOVISB324,physical,,pass_through,"rule: physical work, listed as (Pass-Through Fund)",reviewed,"fb86-vt7u report 202605, phase '(Pass-Through Fund)', budget line 'ED-0831': 'Governors Island - Building 324 Stabilization'"
GOVISBLNP,physical,,pass_through,"rule: physical work, listed as (Pass-Through Fund)",reviewed,"fb86-vt7u report 202605, phase '(Pass-Through Fund)', budget line 'ED-0831 , PV-0467': 'Governors Island Building Stabilization - Nolan Park'"
GOVISBMB2,physical,,pass_through,"rule: physical work, listed as (Pass-Through Fund)",reviewed,"fb86-vt7u report 202605, phase '(Pass-Through Fund)', budget line 'ED-0075': 'Governors Island BMB Slip5/6 Pile Cluster&Slip 6/7FenderRack'"
GOVISBMBF,physical,,pass_through,"rule: physical work, listed as (Pass-Through Fund)",reviewed,"fb86-vt7u report 202605, phase '(Pass-Through Fund)', budget line 'ED-0831': 'Governors Island BMB Fender Racks'"
GOVISBMBL,physical,,pass_through,"rule: physical work, listed as (Pass-Through Fund)",reviewed,"fb86-vt7u report 202605, phase '(Pass-Through Fund)', budget line 'ED-0831': 'Governors Island BMB Lighting'"
GOVISBNP2,physical,,pass_through,"rule: physical work, listed as (Pass-Through Fund)",reviewed,"fb86-vt7u report 202605, phase '(Pass-Through Fund)', budget line 'ED-0831 , ED-0831': 'Governors Island - Nolan Park Cultural Campus'"
GOVISBTRL,physical,,pass_through,"rule: physical work, listed as (Pass-Through Fund)",reviewed,"fb86-vt7u report 202605, phase '(Pass-Through Fund)', budget line 'ED-D831': 'Governors Island Trailer Bathroom'"
GOVISELE2,physical,,pass_through,"rule: physical work, listed as (Pass-Through Fund)",reviewed,"fb86-vt7u report 202605, phase '(Pass-Through Fund)', budget line 'ED-0831': 'Governors Island  Electric Projects'"
GOVISESUB,physical,,pass_through,"rule: physical work, listed as (Pass-Through Fund)",reviewed,"fb86-vt7u report 202605, phase '(Pass-Through Fund)', budget line 'ED-0831': 'Governors Island - Electrical Substation'"
GOVISFCHG,physical,,pass_through,"rule: physical work, listed as (Pass-Through Fund)",reviewed,"fb86-vt7u report 202605, phase '(Pass-Through Fund)', budget line 'ED-0831': 'Governors Island - Electric Ferry Rapid Charger'"
GOVISLIMA,physical,,pass_through,"rule: physical work, listed as (Pass-Through Fund)",reviewed,"fb86-vt7u report 202605, phase '(Pass-Through Fund)', budget line 'ED-0831': 'Governors Island - Lima Pier Reconstruction'"
GOVISLND2,physical,,pass_through,"rule: physical work, listed as (Pass-Through Fund)",reviewed,"fb86-vt7u report 202605, phase '(Pass-Through Fund)', budget line 'ED-0831': 'Governors Island Infrastructure Improvements'"
GOVISNYCX,physical,,pass_through,"rule: physical work, listed as (Pass-Through Fund)",reviewed,"fb86-vt7u report 202605, phase '(Pass-Through Fund)', budget line 'ED-0831': 'Governors Island NY Climate Exchange Infrastructure'"
GOVISP101,physical,,pass_through,"rule: physical work, listed as (Pass-Through Fund)",reviewed,"fb86-vt7u report 202605, phase '(Pass-Through Fund)', budget line 'ED-D831 , ED-M831': 'Governors Island - Waterfront Recreation Hub at Pier 101'"
GOVISUNUT,physical,,pass_through,"rule: physical work, listed as (Pass-Through Fund)",reviewed,"fb86-vt7u report 202605, phase '(Pass-Through Fund)', budget line 'ED-0831': 'Governors Island Underground Utilities'"
GOVISWLL2,physical,,pass_through,"rule: physical work, listed as (Pass-Through Fund)",reviewed,"fb86-vt7u report 202605, phase '(Pass-Through Fund)', budget line 'ED-0831': 'Governors Island Seawall Rehabilitation'"
GOVISWTR2,physical,,pass_through,"rule: physical work, listed as (Pass-Through Fund)",reviewed,"fb86-vt7u report 202605, phase '(Pass-Through Fund)', budget line 'ED-0831': 'Governors Island Potable Water System'"
GOVISYANK,physical,,pass_through,"rule: physical work, listed as (Pass-Through Fund)",reviewed,"fb86-vt7u report 202605, phase '(Pass-Through Fund)', budget line 'ED-0831': 'Governors Island - Yankee Pier'"
GQROWB-01,physical,,,"rule: physical work, listed as (Holding Code)",reviewed,"fb86-vt7u report 202605, phase '(Holding Code)', budget line 'WP-0169': 'GI - CONS OF ROW BIOSWALES & STORMWATER GREENSTREETS QUEENS'"
HB-ADVERT,physical,,requirements_contract,"rule: physical work, listed as (Requirements Contract)",reviewed,"fb86-vt7u report 202605, phase '(Requirements Contract)', budget line 'HB-0215': 'ADVERTISEMENT FOR CAPITAL BRIDGE PROJECTS'"
HB1013EQ,physical,,,"rule: physical work, listed as (Equipment)",reviewed,"fb86-vt7u report 202605, phase '(Equipment)', budget line 'HB-1013': 'SHOP EQUIPMENT FOR BRIDGES'"
HB1014GP,physical,,,"rule: physical work, listed as (Equipment)",reviewed,"fb86-vt7u report 202605, phase '(Equipment)', budget line 'HW-0003': 'WYTHE AVE. EXPLOSION PROOF CONTAINER'"
HB25FAC,physical,,requirements_contract,"rule: physical work, listed as (Requirements Contract)",reviewed,"fb86-vt7u report 202605, phase '(Requirements Contract)', budget line 'HB-1014': 'Macomb's Yard - Prefabricated Shed'"
HBCD008P,physical,,requirements_contract,"rule: physical work, listed as (Requirements Contract)",reviewed,"fb86-vt7u report 202605, phase '(Requirements Contract)', budget line 'HB-1070': 'Citywide Inspection/Monitoring of Bridge Paint Removal & App'"
HBCD009P,physical,,requirements_contract,"rule: physical work, listed as (Requirements Contract)",reviewed,"fb86-vt7u report 202605, phase '(Requirements Contract)', budget line 'HB-1070': 'Citywide Inspection/Monitoring of Bridge Paint Removal & App'"
HBCD010P,physical,,requirements_contract,"rule: physical work, listed as (Requirements Contract)",reviewed,"fb86-vt7u report 202605, phase '(Requirements Contract)', budget line 'HB-1070': 'Citywide Inspection/Monitoring of Bridge Paint Removal & App'"
HBCD013A,physical,,requirements_contract,"rule: physical work, listed as (Requirements Contract)",reviewed,"fb86-vt7u report 202605, phase '(Requirements Contract)', budget line 'HB-1012': 'IN-PROCESS FAB INSPECTION OF STRUCTURAL STEEL IN NE US'"
HBCD013B,physical,,requirements_contract,"rule: physical work, listed as (Requirements Contract)",reviewed,"fb86-vt7u report 202605, phase '(Requirements Contract)', budget line 'HB-1012': 'IN-PROCESS FAB INSPECTION OF STRUCTURAL STEEL IN US'"
HBCD013C,physical,,requirements_contract,"rule: physical work, listed as (Requirements Contract)",reviewed,"fb86-vt7u report 202605, phase '(Requirements Contract)', budget line 'HB-1012': 'IN-PROCESS FAB INSPECTION OF PP CONCRETE IN USA/CAN'"
HBCD015,physical,,requirements_contract,"rule: physical work, listed as (Requirements Contract)",reviewed,"fb86-vt7u report 202605, phase '(Requirements Contract)', budget line 'HB-1012': 'INSPECTION SERVICES AT CONCRETE & ASPHALT PLANTS'"
HBCD015A,physical,,requirements_contract,"rule: physical work, listed as (Requirements Contract)",reviewed,"fb86-vt7u report 202605, phase '(Requirements Contract)', budget line 'HB-1012': 'IN-PROCESS FAB INSPECTION OF STRUCTURAL STEEL IN NE USA'"
HBCD015B,physical,,requirements_contract,"rule: physical work, listed as (Requirements Contract)",reviewed,"fb86-vt7u report 202605, phase '(Requirements Contract)', budget line 'HB-1012': 'IN-PROCESS FAB INSPECTION OF STRUCTURAL STEEL IN US/CAN'"
HBCD015C,physical,,requirements_contract,"rule: physical work, listed as (Requirements Contract)",reviewed,"fb86-vt7u report 202605, phase '(Requirements Contract)', budget line 'HB-1012': 'IN-PROCESS FAB INSPECTION OF PP CONCRETE IN USA/CAN'"
HBCD016,physical,,requirements_contract,"rule: physical work, listed as (Requirements Contract)",reviewed,"fb86-vt7u report 202605, phase '(Requirements Contract)', budget line 'HB-1012': 'TESTING AND SAMPLING OF MATERIAL (CITYWIDE)'"
HBCD017,physical,,requirements_contract,"rule: physical work, listed as (Requirements Contract)",reviewed,"fb86-vt7u report 202605, phase '(Requirements Contract)', budget line 'HB-1012': 'Inspection of Services at Concrete and Asphalt Plants'"
HBCD017A,physical,,requirements_contract,"rule: physical work, listed as (Requirements Contract)",reviewed,"fb86-vt7u report 202605, phase '(Requirements Contract)', budget line 'HB-1012': 'IN-PROCESS FAB INSPECTION OF STRUCTURAL STEEL IN NE USA'"
HBCD017B,physical,,requirements_contract,"rule: physical work, listed as (Requirements Contract)",reviewed,"fb86-vt7u report 202605, phase '(Requirements Contract)', budget line 'HB-1012': 'IN-PROCESS FAB INSPECTION OF STRUCTURAL STEEL IN NE USA'"
HBCD017C,physical,,requirements_contract,"rule: physical work, listed as (Requirements Contract)",reviewed,"fb86-vt7u report 202605, phase '(Requirements Contract)', budget line 'HB-1012': 'IN-PROCESS FAB INSPECTION OF PP CONCRETE IN USA/CAN'"
HBCD018,physical,,requirements_contract,"rule: physical work, listed as (Requirements Contract)",reviewed,"fb86-vt7u report 202605, phase '(Requirements Contract)', budget line 'HB-1012': 'Testing and Sampling of Material (Citywide)'"
HBCD019,physical,,requirements_contract,"rule: physical work, listed as (Requirements Contract)",reviewed,"fb86-vt7u report 202605, phase '(Requirements Contract)', budget line 'HB-1012': 'INSPECTION SERVICES AT ASPHALT AND CONCRETE PLANTS'"
HBCD019A,physical,,requirements_contract,"rule: physical work, listed as (Requirements Contract)",reviewed,"fb86-vt7u report 202605, phase '(Requirements Contract)', budget line 'HB-1012': 'IN-PROCESS FAB INSPECTION OF STRUCTURAL STEEL IN NE US'"
HBCD019B,physical,,requirements_contract,"rule: physical work, listed as (Requirements Contract)",reviewed,"fb86-vt7u report 202605, phase '(Requirements Contract)', budget line 'HB-1012': 'IN-PROCESS FAB INSPECTION OF STRUCTURAL STEEL IN US'"
HBCD019C,physical,,requirements_contract,"rule: physical work, listed as (Requirements Contract)",reviewed,"fb86-vt7u report 202605, phase '(Requirements Contract)', budget line 'HB-1012': 'IN-PROCESS FAB INSPECTION OF PP CONCRETE IN USA/CAN'"
HBCITYWIM,physical,,,"rule: physical work, listed as (Equipment)",reviewed,"fb86-vt7u report 202605, phase '(Equipment)', budget line 'HB-0215': 'Citywide Wiegh-in-Motion System'"
HBFQGPEC,physical,,,"rule: physical work, listed as (Equipment)",reviewed,"fb86-vt7u report 202605, phase '(Equipment)', budget line 'HB-1014': 'Greenpoint Yard Electrical Container Reconstruction'"
HBHWOHSIG,physical,,requirements_contract,"rule: physical work, listed as (Requirements Contract)",reviewed,"fb86-vt7u report 202605, phase '(Requirements Contract)', budget line 'HB-0215': 'NY Highway Overhead Sign Structure'"
HEARTLRC,physical,,funding_agreement,"rule: physical work, listed as (Funding Agreement)",reviewed,"fb86-vt7u report 202605, phase '(Funding Agreement)', budget line 'ED-X075': 'FA - HEARTS Center - Lincoln Recovery Center'"
HH-MRBU,physical,,,review: the city lists it as '(Capitally Ineligible)',reviewed,"fb86-vt7u report 202605, phase '(Capitally Ineligible)', budget line 'HH-0112 , HH-0115': 'MAJOR REPAIRS AND BLD  UPGRADES'"
HL82CHNWH,physical,,,review: the city lists it as '(Capitally Ineligible)',reviewed,"fb86-vt7u report 202605, phase '(Capitally Ineligible)', budget line 'HL-D999': 'COMMUNITY HEALTHCARE NETWORK-WASHINGTON HEIGHTS'"
HOENERGY,overhead,yes,,review: money set aside; overhead unless it is for defined work (a reserve takes the kind of what it is for),reviewed,"fb86-vt7u report 202605, phase '(Pending)', budget line 'HO-0214 , HO-0377': 'Holding Code- Energy Projects'"
HR25EFOY,physical,yes,,review: money set aside for upgrades to HRA facilities and equipment (defined physical work); physical (was overhead: money set aside; overhead unless it is for defined work (a reserve takes the kind of what it is for)),reviewed,"fb86-vt7u report 202605, phase '(Pending)', budget line 'HR-0025': 'HRA FACILITIES & EQUIPMENT  OUTYEARS FOR UPGRADES'"
HS034-007,physical,,,"rule: physical work, listed as (Equipment)",reviewed,"fb86-vt7u report 202605, phase '(Equipment)', budget line 'HN-D004': '450 Grand Concourse Theater Improvements'"
HU037-017,physical,,,"rule: physical work, listed as (Equipment)",reviewed,"fb86-vt7u report 202605, phase '(Equipment)', budget line 'HN-D300': 'CUNY Hunter College - Performing Arts Hub Project'"
HW200IFA1,physical,,in_house,"rule: physical work, listed as (Funding Agreement)",reviewed,"fb86-vt7u report 202605, phase '(Funding Agreement)', budget line 'HW-0200': 'In-House Pedestrian Ramp Rehabilitation - Crews'"
HW200IFA2,physical,,in_house,"rule: physical work, listed as (Funding Agreement)",reviewed,"fb86-vt7u report 202605, phase '(Funding Agreement)', budget line 'HW-0200': 'In-House Pedestrian Ramp Rehabilitation - OTPS'"
HW2CR06,physical,,,"rule: physical work, listed as (Lump Sum)",reviewed,"fb86-vt7u report 202605, phase '(Lump Sum)', budget line 'HW-0002M, HW-D103 , HW-R002': 'CITYWIDE MILLING'"
HW2CR19D,physical,,requirements_contract,"rule: physical work, listed as (Requirements Contract)",reviewed,"fb86-vt7u report 202605, phase '(Requirements Contract)', budget line 'HW-0002M': 'Citywide Milling - Manhattan'"
HW2CR21B,physical,,requirements_contract,"rule: physical work, listed as (Requirements Contract)",reviewed,"fb86-vt7u report 202605, phase '(Requirements Contract)', budget line 'HW-0002Q': 'Citywide Milling - Queens'"
HW2CR21C,physical,,requirements_contract,"rule: physical work, listed as (Requirements Contract)",reviewed,"fb86-vt7u report 202605, phase '(Requirements Contract)', budget line 'HW-0002K, HW-0002R': 'Citywide Milling - Brooklyn and Staten Island'"
HW2CR21D,physical,,requirements_contract,"rule: physical work, listed as (Requirements Contract)",reviewed,"fb86-vt7u report 202605, phase '(Requirements Contract)', budget line 'HW-0002M': 'Citywide Milling - Manhattan'"
HW2CR21E,physical,,requirements_contract,"rule: physical work, listed as (Requirements Contract)",reviewed,"fb86-vt7u report 202605, phase '(Requirements Contract)', budget line 'HW-0002K, HW-0002Q, HW-0002R': 'Citywide Milling - BK, QN, and SI'"
HW2CR23A,physical,,requirements_contract,"rule: physical work, listed as (Requirements Contract)",reviewed,"fb86-vt7u report 202605, phase '(Requirements Contract)', budget line 'HW-0002Q, HW-0002X': 'Citywide Milling - Bronx and Queens'"
HW2CR23B,physical,,requirements_contract,"rule: physical work, listed as (Requirements Contract)",reviewed,"fb86-vt7u report 202605, phase '(Requirements Contract)', budget line 'HW-0002K, HW-0002Q': 'Citywide Milling - Queens and Brooklyn'"
HW2CR23C,physical,,requirements_contract,"rule: physical work, listed as (Requirements Contract)",reviewed,"fb86-vt7u report 202605, phase '(Requirements Contract)', budget line 'HW-0002K, HW-0002R': 'Citywide Milling - Brooklyn and Staten Island'"
HW2CR23CW,physical,,requirements_contract,"rule: physical work, listed as (Requirements Contract)",reviewed,"fb86-vt7u report 202605, phase '(Requirements Contract)', budget line 'HW-0002K, HW-0002M, HW-0002Q, HW-0002R, HW-0002X': 'Citywide Milling'"
HW2CR23D,physical,,requirements_contract,"rule: physical work, listed as (Requirements Contract)",reviewed,"fb86-vt7u report 202605, phase '(Requirements Contract)', budget line 'HW-0002M': 'Citywide Milling - Manhattan'"
HW2CR25A,physical,,requirements_contract,"rule: physical work, listed as (Requirements Contract)",reviewed,"fb86-vt7u report 202605, phase '(Requirements Contract)', budget line 'HW-0002Q, HW-0002X, HW-0944': 'Citywide Milling - Bronx and Queens'"
HW2CR25B,physical,,requirements_contract,"rule: physical work, listed as (Requirements Contract)",reviewed,"fb86-vt7u report 202605, phase '(Requirements Contract)', budget line 'HW-0002K, HW-0002Q, HW-0944': 'Citywide Milling - Queens and Brooklyn'"
HW2CR25C,physical,,requirements_contract,"rule: physical work, listed as (Requirements Contract)",reviewed,"fb86-vt7u report 202605, phase '(Requirements Contract)', budget line 'HW-0002K, HW-0002R, HW-0944': 'Citywide Milling - Brooklyn and Staten Island'"
HW2CR25CW,physical,,requirements_contract,"rule: physical work, listed as (Requirements Contract)",reviewed,"fb86-vt7u report 202605, phase '(Requirements Contract)', budget line 'HW-0002K, HW-0002M, HW-0002Q, HW-0002R, HW-0002X, HW-0944': 'Citywide Milling'"
HW2CR25D,physical,,requirements_contract,"rule: physical work, listed as (Requirements Contract)",reviewed,"fb86-vt7u report 202605, phase '(Requirements Contract)', budget line 'HW-0002M, HW-0944': 'Citywide Milling - Manhattan'"
HW34907,physical,,in_house,"rule: physical work, listed as (Funding Agreement)",reviewed,"fb86-vt7u report 202605, phase '(Funding Agreement)', budget line 'HW-0349': 'IN-HOUSE RESURFACING - CREWS&OTHER NON-ASPHALT OTPS'"
HW349LUM,physical,,in_house,"rule: physical work, listed as (Funding Agreement)",reviewed,"fb86-vt7u report 202605, phase '(Funding Agreement)', budget line 'HW-0002Q, HW-0349 , HW-0CH2 , HW-0CH4 , HW-0CH5 , HW-D101 , HW-D103 , HW-D105': 'IN-HOUSE RESURFACING LUMP SUM - ASPHALT'"
HWBUSPAD,physical,,,"rule: physical work, listed as (Lump Sum)",reviewed,"fb86-vt7u report 202605, phase '(Lump Sum)', budget line 'HW-0200': 'CITYWIDE BUS PADS'"
HWBUSPAD8,physical,,requirements_contract,"rule: physical work, listed as (Requirements Contract)",reviewed,"fb86-vt7u report 202605, phase '(Requirements Contract)', budget line 'HW-0200': 'Bus Pads'"
HWC349M03,physical,,funding_agreement,"rule: physical work, listed as (Funding Agreement)",reviewed,"fb86-vt7u report 202605, phase '(Funding Agreement)', budget line 'HW-0349': 'MANHOLE RINGS'"
HWCCSIMBM,physical,,requirements_contract,"rule: physical work, listed as (Requirements Contract)",reviewed,"fb86-vt7u report 202605, phase '(Requirements Contract)', budget line 'HB-1014 , HW-0003': 'DOT - Relocate SIM/BMU/CC to 4855 Baldwin'"
HWCFTRLR,physical,,,"rule: physical work, listed as (Lump Sum)",reviewed,"fb86-vt7u report 202605, phase '(Lump Sum)', budget line 'HB-1014 , HW-0003': 'Citywide Trailer Rehabilitation'"
HWCRCWLK,physical,,,"rule: physical work, listed as (Lump Sum)",reviewed,"fb86-vt7u report 202605, phase '(Lump Sum)', budget line 'HW-0001': 'Raised Crosswalks'"
HWCSCHCW,physical,,,"rule: physical work, listed as (Lump Sum)",reviewed,"fb86-vt7u report 202605, phase '(Lump Sum)', budget line 'HW-0001': 'School Safety Citywide Contracts'"
HWCWREC,physical,,,"rule: physical work, listed as (Lump Sum)",reviewed,"fb86-vt7u report 202605, phase '(Lump Sum)', budget line 'HW-0001 , HW-0001K, HW-0001M, HW-0001Q, HW-0001R, HW-0001X, HW-0061 , HW-0121 , HW-0200 , HW-0211 , HW-0662 , HW-0876 , HW-0944 , HW-0988 , HW-1674 , HW-D101 , HW-D104 , HW-R005 , HW-R061 , HW-R200 , HW-X001 , PU-0200 , TF-0002 , TF-0502': 'CITYWIDE RECONSTRUCTION OF STREETS'"
HWD10323,physical,,requirements_contract,"rule: physical work, listed as (Requirements Contract)",reviewed,"fb86-vt7u report 202605, phase '(Requirements Contract)', budget line 'TF-Q503': 'Upgrades within the Bayside BID'"
HWFKGPYRD,physical,,,"rule: physical work, listed as (Lump Sum)",reviewed,"fb86-vt7u report 202605, phase '(Lump Sum)', budget line 'HW-0003': 'Build-Out Cost for Greenpoint Yard New Trailers'"
HWKFBERRY,physical,,,"rule: physical work, listed as (Equipment)",reviewed,"fb86-vt7u report 202605, phase '(Equipment)', budget line 'HW-0003': 'Berry Street'"
HWKFTNT,physical,,,"rule: physical work, listed as (Equipment)",reviewed,"fb86-vt7u report 202605, phase '(Equipment)', budget line 'HW-0003': 'RRM Storage Tent Replacement'"
HWMF128HR,physical,,,"rule: physical work, listed as (Equipment)",reviewed,"fb86-vt7u report 202605, phase '(Equipment)', budget line 'HW-0003': 'Harlem River Drive Buildout'"
HWPL20006,physical,,,"rule: physical work, listed as (Lump Sum)",reviewed,"fb86-vt7u report 202605, phase '(Lump Sum)', budget line 'HW-0200 , P -1018 , P -1018 , P -1331': 'PRIOR NOTICE SIDEWALK(SIM)'"
HWPR26KQ,physical,,requirements_contract,"rule: physical work, listed as (Requirements Contract)",reviewed,"fb86-vt7u report 202605, phase '(Requirements Contract)', budget line 'HW-0200': 'Standard Ped Ramp Upgrades - Brooklyn and Queens'"
HWPR26KR,physical,,requirements_contract,"rule: physical work, listed as (Requirements Contract)",reviewed,"fb86-vt7u report 202605, phase '(Requirements Contract)', budget line 'HW-0200': 'Standard Ped Ramp Upgrades - Brooklyn and Staten Island'"
HWPR26MKQ,physical,,requirements_contract,"rule: physical work, listed as (Requirements Contract)",reviewed,"fb86-vt7u report 202605, phase '(Requirements Contract)', budget line 'HW-0200': 'Standard Ped Ramp Upgrades - Manhattan, Brooklyn, and Queens'"
HWPR26Q1,physical,,requirements_contract,"rule: physical work, listed as (Requirements Contract)",reviewed,"fb86-vt7u report 202605, phase '(Requirements Contract)', budget line 'HW-0200': 'Standard Ped Ramp Upgrades - Queens'"
HWPR26QX,physical,,requirements_contract,"rule: physical work, listed as (Requirements Contract)",reviewed,"fb86-vt7u report 202605, phase '(Requirements Contract)', budget line 'HW-0200': 'Standard Ped Ramp Upgrades - Queens and Bronx'"
HWPRINSTL,physical,,,"rule: physical work, listed as (Lump Sum)",reviewed,"fb86-vt7u report 202605, phase '(Lump Sum)', budget line 'HW-0200': 'Pedestrian Ramps Installation - Lump Sum'"
HWPRREHAB,physical,,,"rule: physical work, listed as (Lump Sum)",reviewed,"fb86-vt7u report 202605, phase '(Lump Sum)', budget line 'HW-0200': 'Pedestrian Ramps Rehabilitation - Lump Sum'"
HWQ100SBS,physical,,,"rule: physical work, listed as (Lump Sum)",reviewed,"fb86-vt7u report 202605, phase '(Lump Sum)', budget line 'HW-0001Q, HW-1684 , HW-D103 , HW-Q001': 'Woodhaven Blvd SBS'"
HWQ1190,physical,,,"rule: physical work, listed as (Lump Sum)",reviewed,"fb86-vt7u report 202605, phase '(Lump Sum)', budget line 'HW-0001Q': 'Reconstruction of Queens Blvd'"
HWQ985A,physical,,,"rule: physical work, listed as (Lump Sum)",reviewed,"fb86-vt7u report 202605, phase '(Lump Sum)', budget line 'HW-0988': 'Shore Road Embankment Repair'"
HWQF031C,physical,,,"rule: physical work, listed as (Equipment)",reviewed,"fb86-vt7u report 202605, phase '(Equipment)', budget line 'HW-0003': 'Glendale Yard Pre-Engineered Shed'"
HWQF5850,physical,,,"rule: physical work, listed as (Equipment)",reviewed,"fb86-vt7u report 202605, phase '(Equipment)', budget line 'HW-0003': 'HVAC Replacement   Maspeth'"
HWQFFRTN,physical,,requirements_contract,"rule: physical work, listed as (Requirements Contract)",reviewed,"fb86-vt7u report 202605, phase '(Requirements Contract)', budget line 'HW-0003': 'Fort Totten'"
HWQFHVAC,physical,,,"rule: physical work, listed as (Equipment)",reviewed,"fb86-vt7u report 202605, phase '(Equipment)', budget line 'HW-0003': 'Koldwave Trailer Mounted AC units'"
HWQFRESHP,physical,,requirements_contract,"rule: physical work, listed as (Requirements Contract)",reviewed,"fb86-vt7u report 202605, phase '(Requirements Contract)', budget line 'HW-0003': 'Fresh Pond Repair Shop'"
HWQFSW033,overhead,,,"review: office space for an agency, not work at a project's place",reviewed,"fb86-vt7u report 202605, phase '(Cancelled)', budget line 'HW-0003': '33-00 Northern Blvd Swing Space'"
HWRAP07,physical,,funding_agreement,"rule: physical work, listed as (Funding Agreement)",reviewed,"fb86-vt7u report 202605, phase '(Funding Agreement)', budget line 'HW-0349': 'RAP HAULING'"
HWS2026X,physical,,requirements_contract,"rule: physical work, listed as (Requirements Contract)",reviewed,"fb86-vt7u report 202605, phase '(Requirements Contract)', budget line 'HW-0200 , P -1331': 'Prior Notice Sidewalks - Bronx'"
HWSIFLEET,physical,,,"rule: physical work, listed as (Equipment)",reviewed,"fb86-vt7u report 202605, phase '(Equipment)', budget line 'HW-0003': 'SIM Fleet Services Reloc. - 151 S. MacQuesten'"
HWSTEP04,physical,,,"rule: physical work, listed as (Lump Sum)",reviewed,"fb86-vt7u report 202605, phase '(Lump Sum)', budget line 'HW-0211 , HW-0211': 'STEP STREET REHABILITATION'"
HWTSQI,physical,,,"rule: physical work, listed as (Lump Sum)",reviewed,"fb86-vt7u report 202605, phase '(Lump Sum)', budget line 'HW-1684': 'Public Plaza Improvements'"
HWWATER37,physical,,,"rule: physical work, listed as (Equipment)",reviewed,"fb86-vt7u report 202605, phase '(Equipment)', budget line 'W -0013': '37TH AVE DOT MOVE DUE TO DEP  WATER TUN 3'"
IN-CITYLS,overhead,yes,,review: money set aside; overhead unless it is for defined work (a reserve takes the kind of what it is for),reviewed,"fb86-vt7u report 202605, phase '(Holding Code)', budget line 'EP-0004 , EP-0004 , EP-0005 , EP-0006 , EP-0010 , SE-0001 , SE-0005 , WP-0169': 'Agency Proposed Outyear Projects'"
INFNEIG-H,physical,,,"rule: physical work, listed as (Lump Sum)",reviewed,"fb86-vt7u report 202605, phase '(Lump Sum)', budget line 'ED-0384': 'Neighborhood Fund - Hold'"
INFRANEIG,physical,,,"rule: physical work, listed as (Lump Sum)",reviewed,"fb86-vt7u report 202605, phase '(Lump Sum)', budget line 'ED-0384': 'Neighborhood Fund'"
INFRASEED,physical,,,"rule: physical work, listed as (Lump Sum)",reviewed,"fb86-vt7u report 202605, phase '(Lump Sum)', budget line 'ED-0384': 'SEED Fund Lump Sum'"
ITSBELTPK,physical,,requirements_contract,"rule: physical work, listed as (Requirements Contract)",reviewed,"fb86-vt7u report 202605, phase '(Requirements Contract)', budget line 'TF-0001': 'Intelligent Transportation Systems on Belt Parkway X501.62'"
ITSJACKPK,physical,,requirements_contract,"rule: physical work, listed as (Requirements Contract)",reviewed,"fb86-vt7u report 202605, phase '(Requirements Contract)', budget line 'TF-0001': 'Intelligent Transportation System Jackie Robinson Pk X501.60'"
ITSKOREAN,physical,,requirements_contract,"rule: physical work, listed as (Requirements Contract)",reviewed,"fb86-vt7u report 202605, phase '(Requirements Contract)', budget line 'TF-0001': 'Intelligent Transportation Systems on Korean Vet Pky X501.65'"
JFK-12,physical,,,"rule: physical work, listed as (Holding Code)",reviewed,"fb86-vt7u report 202605, phase '(Holding Code)', budget line 'EP-0010': 'WATER METER INSTALLATION AT JFK AIRPORT'"
JOC-10-L,physical,,job_order_contract,"rule: physical work, listed as (Job Order Contract)",reviewed,"fb86-vt7u report 202605, phase '(Job Order Contract)', budget line 'WP-0112': 'JOB ORDER CONTRACTING WORK  IN VARIOUS REGIONS AT VAR. WPCPS'"
JOC-15BWS,physical,,job_order_contract,"rule: physical work, listed as (Job Order Contract)",reviewed,"fb86-vt7u report 202605, phase '(Job Order Contract)', budget line 'WM-0030': 'Facilities Improvement Program'"
JOC-16-L,physical,,job_order_contract,"rule: physical work, listed as (Job Order Contract)",reviewed,"fb86-vt7u report 202605, phase '(Job Order Contract)', budget line 'WP-0112': 'JOB ORDER CONTRACTING WORK IN REGIONS NORTH, SOUTH & EAST'"
JOC-17-L,physical,,job_order_contract,"rule: physical work, listed as (Job Order Contract)",reviewed,"fb86-vt7u report 202605, phase '(Job Order Contract)', budget line 'WP-0112': 'JOB ORDER CONTRACTING WORK IN REGIONS NORTH, SOUTH & EAST'"
JOC-20-L,physical,,job_order_contract,"rule: physical work, listed as (Job Order Contract)",reviewed,"fb86-vt7u report 202605, phase '(Job Order Contract)', budget line 'WP-0112': 'JOB ORDER CONTRACTING WORK IN REGIONS NORTH, SOUTH & EAST'"
JOC-22-L,physical,,job_order_contract,"rule: physical work, listed as (Job Order Contract)",reviewed,"fb86-vt7u report 202605, phase '(Job Order Contract)', budget line 'WP-0112': 'JOB ORDER CONTRACTING WORK IN REGIONS NORTH, SOUTH & EAST'"
JOC-24-L,physical,,job_order_contract,"rule: physical work, listed as (Job Order Contract)",reviewed,"fb86-vt7u report 202605, phase '(Job Order Contract)', budget line 'WP-0112': 'JOB ORDER CONTRACTING WORK IN REGIONS NORTH, SOUTH & EAST'"
JOC-25-L,physical,,job_order_contract,"rule: physical work, listed as (Job Order Contract)",reviewed,"fb86-vt7u report 202605, phase '(Job Order Contract)', budget line 'WP-0112': 'JOB ORDER CONTRACTING WORK IN REGIONS NORTH, SOUTH & EAST'"
JOC-26-L,physical,,job_order_contract,"rule: physical work, listed as (Job Order Contract)",reviewed,"fb86-vt7u report 202605, phase '(Job Order Contract)', budget line 'WP-0112': 'JOB ORDER CONTRACTING WORK IN REGIONS NORTH, SOUTH & EAST'"
JOC-28-L,physical,,job_order_contract,"rule: physical work, listed as (Job Order Contract)",reviewed,"fb86-vt7u report 202605, phase '(Job Order Contract)', budget line 'WP-0112': 'JOB ORDER CONTRACTING WORK IN REGIONS NORTH, SOUTH & EAST'"
JOC-29-L,physical,,job_order_contract,"rule: physical work, listed as (Job Order Contract)",reviewed,"fb86-vt7u report 202605, phase '(Job Order Contract)', budget line 'WP-0112': 'JOB ORDER CONTRACTING WORK IN REGIONS NORTH, SOUTH & EAST'"
JOC-30-L,physical,,job_order_contract,"rule: physical work, listed as (Job Order Contract)",reviewed,"fb86-vt7u report 202605, phase '(Job Order Contract)', budget line 'WP-0112': 'JOB ORDER CONTRACTING WORK IN REGIONS NORTH, SOUTH & EAST'"
JOC-31-L,physical,,job_order_contract,"rule: physical work, listed as (Job Order Contract)",reviewed,"fb86-vt7u report 202605, phase '(Job Order Contract)', budget line 'WP-0112': 'JOB ORDER CONTRACTING WORK IN REGIONS NORTH, SOUTH & EAST'"
JOC-32-L,physical,,job_order_contract,"rule: physical work, listed as (Job Order Contract)",reviewed,"fb86-vt7u report 202605, phase '(Job Order Contract)', budget line 'WP-0112': 'JOB ORDER CONTRACTING WORK IN REGIONS NORTH, SOUTH & EAST'"
JOC-33-L,physical,,job_order_contract,"rule: physical work, listed as (Job Order Contract)",reviewed,"fb86-vt7u report 202605, phase '(Job Order Contract)', budget line 'WP-0112': 'JOB ORDER CONTRACTING WORK IN REGIONS NORTH, SOUTH & EAST'"
JOC-34-L,physical,,job_order_contract,"rule: physical work, listed as (Job Order Contract)",reviewed,"fb86-vt7u report 202605, phase '(Job Order Contract)', budget line 'WP-0112': 'JOB ORDER CONTRACTING WORK IN REGIONS NORTH, SOUTH & EAST'"
JOC-FMC4,physical,,job_order_contract,"rule: physical work, listed as (Job Order Contract)",reviewed,"fb86-vt7u report 202605, phase '(Job Order Contract)', budget line 'EP-0006': 'Job Order Contract 2 - CIitywide'"
JOC-FMC7,physical,,job_order_contract,"rule: physical work, listed as (Job Order Contract)",reviewed,"fb86-vt7u report 202605, phase '(Job Order Contract)', budget line 'EP-0006': 'Job Order Contract 2 - Citywide'"
JOC-FMC9,physical,,job_order_contract,"rule: physical work, listed as (Job Order Contract)",reviewed,"fb86-vt7u report 202605, phase '(Job Order Contract)', budget line 'EP-0006': 'Job Order Contract 2 - Citywide'"
JOC-WSO24,physical,,job_order_contract,"rule: physical work, listed as (Job Order Contract)",reviewed,"fb86-vt7u report 202605, phase '(Job Order Contract)', budget line 'WM-0105': 'BWSO Facilities Improvement Program Citywide'"
JOC-WSO25,physical,,job_order_contract,"rule: physical work, listed as (Job Order Contract)",reviewed,"fb86-vt7u report 202605, phase '(Job Order Contract)', budget line 'WM-0105': 'BWSO Facilities Improvement Program Citywide'"
JULIABURG,physical,,funding_agreement,"rule: physical work, listed as (Funding Agreement)",reviewed,"fb86-vt7u report 202605, phase '(Funding Agreement)', budget line 'ED-0373 , ED-D075': '1680 Lexington Avenue - Julia De Burgo Latino Cultural Ct.'"
LFK-RELO,physical,,,"rule: physical work, listed as (Holding Code)",reviewed,"fb86-vt7u report 202605, phase '(Holding Code)', budget line 'EP-0006': 'Lefrak Relocation'"
LL97SOLR,physical,,,"rule: physical work, listed as (Lump Sum)",reviewed,"fb86-vt7u report 202605, phase '(Lump Sum)', budget line 'PU-0025': 'Solar Lump Sum'"
LQBTRENOV,physical,,pass_through,"rule: physical work, listed as (Pass-Through Fund)",reviewed,"fb86-vt7u report 202605, phase '(Pass-Through Fund)', budget line 'LQ-0122 , LQ-D122 , LQ-Q122': 'BAY TERRACE: Branch Renovation and Expansion'"
LS-BNY303,physical,,pass_through,"rule: physical work, listed as (Pass-Through Fund)",reviewed,"fb86-vt7u report 202605, phase '(Pass-Through Fund)', budget line 'ED-0319': 'Center for Planetary Health-BNY Building 303'"
LS-CCNY1,physical,,funding_agreement,"rule: physical work, listed as (Funding Agreement)",reviewed,"fb86-vt7u report 202605, phase '(Funding Agreement)', budget line 'ED-0075': 'Life Sciences - City College of New York'"
LS-GOTHAM,physical,,funding_agreement,"rule: physical work, listed as (Funding Agreement)",reviewed,"fb86-vt7u report 202605, phase '(Funding Agreement)', budget line 'ED-0075': 'Gotham Foundry-Materials Science RFEI'"
MASPETH,physical,,,"rule: physical work, listed as (Holding Code)",reviewed,"fb86-vt7u report 202605, phase '(Holding Code)', budget line 'EP-0006': 'RECONSTRUCTION OF BUILDING, MASPETH, QUEENS'"
MOCADAMUS,physical,,funding_agreement,"rule: physical work, listed as (Funding Agreement)",reviewed,"fb86-vt7u report 202605, phase '(Funding Agreement)', budget line 'ED-D380 , PV-D467': 'FA - Mocada Museum - Construction & Reconstruction'"
MOLINARFB,physical,,requirements_contract,"rule: physical work, listed as (Requirements Contract)",reviewed,"fb86-vt7u report 202605, phase '(Requirements Contract)', budget line 'FA-0313': 'Drydock and Reconstruct Molinari Class Ferryboats'"
MOLRETROF,physical,,requirements_contract,"rule: physical work, listed as (Requirements Contract)",reviewed,"fb86-vt7u report 202605, phase '(Requirements Contract)', budget line 'FA-0313': 'MOLINARI CLASS UPGRADES-RETRO FIT'"
MONIT-18,physical,,job_order_contract,"rule: physical work, listed as (Job Order Contract)",reviewed,"fb86-vt7u report 202605, phase '(Job Order Contract)', budget line 'WM-0030': 'FAD MONITORING'"
MS4-GRANT,physical,,,"rule: physical work, listed as (Holding Code)",reviewed,"fb86-vt7u report 202605, phase '(Holding Code)', budget line 'SE-0005': 'GREEN INFRASTRUCTURE GRANT PROGRAM - MS4 PROJECTS'"
MS4-STORM,physical,,,"rule: physical work, listed as (Holding Code)",reviewed,"fb86-vt7u report 202605, phase '(Holding Code)', budget line 'SE-0005': 'MS4 CITYWIDE STORMWATER MANAGEMENT PROGRAM'"
NDF-EHWF1,physical,,funding_agreement,"rule: physical work, listed as (Funding Agreement)",reviewed,"fb86-vt7u report 202605, phase '(Funding Agreement)', budget line 'ED-0384': 'NDF - East Harlem SBS Workforce1 Center'"
NDF-INWCC,physical,,funding_agreement,"rule: physical work, listed as (Funding Agreement)",reviewed,"fb86-vt7u report 202605, phase '(Funding Agreement)', budget line 'ED-0384': 'NDF - Inwood Cultural Center'"
NRELUMP,physical,,,review: an agency's asset management lump sum; physical if it funds work,reviewed,"fb86-vt7u report 202605, phase '(Lump Sum)', budget line 'ED-0075 , ED-0075': 'Lump Sum - Asset Management'"
NYCFEMISS,physical,,,"rule: physical work, listed as (Equipment)",reviewed,"fb86-vt7u report 202605, phase '(Equipment)', budget line 'ED-0409': 'NYC Ferry - Vessel Tier IV Emissions Upgrades'"
NYCFSHUTT,physical,,,"rule: physical work, listed as (Equipment)",reviewed,"fb86-vt7u report 202605, phase '(Equipment)', budget line 'ED-D075': 'NYC Ferry -  Ferry Point Park Shuttle'"
NYCFSWING,physical,,,"rule: physical work, listed as (Equipment)",reviewed,"fb86-vt7u report 202605, phase '(Equipment)', budget line 'ED-0409': 'NYC Ferry - Swing Barge'"
NYCFTVM,physical,,,"rule: physical work, listed as (Equipment)",reviewed,"fb86-vt7u report 202605, phase '(Equipment)', budget line 'ED-0409': 'NYC Ferry - Ticket Validating Machines & Open Loop'"
NYSDOTBRG,physical,,,"rule: physical work, listed as (Holding Code)",reviewed,"fb86-vt7u report 202605, phase '(Holding Code)', budget line 'WM-0006': 'NYS DOT Bridges El Grant, Jesup, Nelson, Depot, Boston Road'"
P-1CPITDC,physical,,,rule: consultant services for a named place are that place's project cost,reviewed,"fb86-vt7u report 202605, phase 'Pre-Design', budget line 'P -1018 , P -I001': 'CPI: Tiffany Playground and PRB Consultant Services' / 'Tiffany Playground and Public Restroom Building Design and Construction Management Services'"
P-2ASPHLT,physical,,requirements_contract,"rule: physical work, listed as (Requirements Contract)",reviewed,"fb86-vt7u report 202605, phase '(Requirements Contract)', budget line 'P -1018 , P -K011': 'Breukelen & Dr. John's PlGD Asphalt MPPA repaving'"
P-310CYPP,physical,,requirements_contract,"rule: physical work, listed as (Requirements Contract)",reviewed,"fb86-vt7u report 202605, phase '(Requirements Contract)', budget line 'P -1018': 'Brig. Gen. Charles Young Playground Pathways Reconstruction'"
P-502EBRD,physical,,requirements_contract,"rule: physical work, listed as (Requirements Contract)",reviewed,"fb86-vt7u report 202605, phase '(Requirements Contract)', budget line 'P -1018': 'Edinboro Road Mill and Repaving'"
P-6CWCMVE,overhead,,,review: a study; physical instead if it concerns work at a particular place,reviewed,"fb86-vt7u report 202605, phase 'Construction', budget line 'P -1018': 'Citywide - Comfort Stations Standards Study' / 'Citywide Public Restroom Building Value Engineering Study'"
PCEMETERY,physical,,funding_agreement,"rule: physical work, listed as (Funding Agreement)",reviewed,"fb86-vt7u report 202605, phase '(Funding Agreement)', budget line 'P -Q245': 'FA - GJDC Prospect Cemetery Chapel'"
PENISUPH1,physical,,funding_agreement,"rule: physical work, listed as (Funding Agreement)",reviewed,"fb86-vt7u report 202605, phase '(Funding Agreement)', budget line 'ED-D075': 'THE PENINSULA PHASE I'"
PS-FORCEM,physical,,,"rule: physical work, listed as (Holding Code)",reviewed,"fb86-vt7u report 202605, phase '(Holding Code)', budget line 'WP-0269': 'Rehabilitation of Forcemains Systemwide'"
PS-REG,physical,,,"rule: physical work, listed as (Holding Code)",reviewed,"fb86-vt7u report 202605, phase '(Holding Code)', budget line 'WP-0269': 'Rehabilitation of Regulators, Tide Gates & Interceptors Syst'"
PT195-VAR,physical,,,"rule: physical work, listed as (Lump Sum)",reviewed,"fb86-vt7u report 202605, phase '(Lump Sum)', budget line 'RE-0025': 'VARIOUS WATERFRONT PROPERTIES- RECONSTRUCTION'"
PV034GRUV,physical,,funding_agreement,"rule: physical work, listed as (Funding Agreement)",reviewed,"fb86-vt7u report 202605, phase '(Funding Agreement)', budget line 'PV-0034 , PV-D034 , PV-M034': 'AMNH - Gilder Center Green Bldg.'"
PV230-ACF,physical,,funding_agreement,"rule: physical work, listed as (Funding Agreement)",reviewed,"fb86-vt7u report 202605, phase '(Funding Agreement)', budget line 'PV-0230': 'FA - WCS NEW YORK AQUARIUM - Animal Care Facility'"
PV235EDUC,physical,,pass_through,"rule: physical work, listed as (Pass-Through Fund)",reviewed,"fb86-vt7u report 202605, phase '(Pass-Through Fund)', budget line 'PV-0235 , PV-D235 , PV-K235': 'BMA - Brooklyn Museum - Education Space'"
PV293-EXT,overhead,,,rule: enterprise IT,reviewed,"fb86-vt7u report 202605, phase '(Pending)', budget line 'PV-D467 , PV-X293': 'BCHS - IT Tech Upgrade'"
PV503FACD,physical,,funding_agreement,"rule: physical work, listed as (Funding Agreement)",reviewed,"fb86-vt7u report 202605, phase '(Funding Agreement)', budget line 'PV-0467 , PV-0503 , PV-D503 , PV-M503': 'CH - CARNEGIE HALL Historic Facade Restoration'"
PW-EMSN,physical,,,"rule: physical work, listed as (Holding Code)",reviewed,"fb86-vt7u report 202605, phase '(Holding Code)', budget line 'WP-0112': 'Fugitive Emissions Mitigation Systemwide'"
PW-SCADA,physical,,,"rule: physical work, listed as (Holding Code)",reviewed,"fb86-vt7u report 202605, phase '(Holding Code)', budget line 'WP-0112': 'Installation of New SCADA System at Various DEP Facilities'"
PW324ASTR,overhead,,,rule: enterprise IT,reviewed,"fb86-vt7u report 202605, phase '(IT Project)', budget line 'PW-0324': 'CMMS Upgrade & Asset Tracking'"
PW324CLIP,overhead,,,rule: enterprise IT,reviewed,"fb86-vt7u report 202605, phase '(IT Project)', budget line 'PW-0324': 'DCAS - Replacement of CLIPS & Direct Order App'"
PW324CMGT,overhead,,,rule: enterprise IT,reviewed,"fb86-vt7u report 202605, phase '(IT Project)', budget line 'PW-0324': 'Case Management Licenses'"
PW324MAIN,overhead,,,rule: enterprise IT,reviewed,"fb86-vt7u report 202605, phase '(IT Project)', budget line 'PW-0324': 'DCAS Civil Service Exams - Mainframe Replacement'"
PW324OMIS,overhead,,,rule: enterprise IT,reviewed,"fb86-vt7u report 202605, phase '(Lump Sum)', budget line 'PW-0324': 'DCAS IT LUMP SUM'"
PW324QBH,overhead,,,rule: enterprise IT,reviewed,"fb86-vt7u report 202605, phase '(IT Project)', budget line 'PW-Q077': 'Queens Borough Hall - Wifi Upgrade and Cisco Hardware (Queen'"
PW324SERR,overhead,,,rule: enterprise IT,reviewed,"fb86-vt7u report 202605, phase '(IT Project)', budget line 'PW-0324': 'Serra View Implemtation - Space Management'"
PW326TLQ5,overhead,,,"review: office space for an agency, not work at a project's place",reviewed,"fb86-vt7u report 202605, phase '(Expense)', budget line 'PW-0326': 'TLC - Swing Space in Queens'"
PW335A30,physical,,,review: the city lists it as '(Capitally Ineligible)',reviewed,"fb86-vt7u report 202605, phase '(Capitally Ineligible)', budget line 'PW-0335': 'ASBESTOS ABATEMENT CONTRACT, MN, BK, SI'"
PW77REHAB,physical,,,"rule: physical work, listed as (Lump Sum)",reviewed,"fb86-vt7u report 202605, phase '(Lump Sum)', budget line 'PW-0077': 'VARIOUS PUBLIC BUILDINGS- REHABILITATION OF CITY-OWNED SPACE'"
PW77SECAM,physical,,,"rule: physical work, listed as (Lump Sum)",reviewed,"fb86-vt7u report 202605, phase '(Lump Sum)', budget line 'PW-0077': 'SECURITY CAMERAS - DCAS PUBLIC BUILDINGS'"
PWCOMPD12,physical,,,review: replacement of a data centre room at 1 Centre Street (building work); physical (was overhead: a data centre; enterprise IT unless part of a building's own work),reviewed,"fb86-vt7u report 202605, phase 'Construction', budget line 'PW-0077': 'Comptroller's Data Center Replacement at 1 Centre St, 12 Fl'"
PWDSIBPCT,physical,,funding_agreement,"rule: physical work, listed as (Funding Agreement)",reviewed,"fb86-vt7u report 202605, phase '(Funding Agreement)', budget line 'PW-D308': 'Van for the Staten Island Borough President's Clean Team --'"
PWMOCSIT1,overhead,,,rule: enterprise IT,reviewed,"fb86-vt7u report 202605, phase '(IT Project)', budget line 'PW-0077 , PW-0077': 'MOCS IT NETWORK INFRASTRUCTURE 100 GOLD STREET 2ND FL'"
PWX78BXP,physical,,,review: the city lists it as '(Capitally Ineligible)',reviewed,"fb86-vt7u report 202605, phase '(Capitally Ineligible)', budget line 'PW-X078': 'BRONX BOROUGH PRESIDENT'S OFFICE INITIAL OUT-FITTING'"
QB063-020,physical,,,"rule: physical work, listed as (Equipment)",reviewed,"fb86-vt7u report 202605, phase '(Equipment)', budget line 'HN-D002': 'Theater Upgrades (PHASE II)'"
QB2HAZMIG,physical,,,"rule: physical work, listed as (Lump Sum)",reviewed,"fb86-vt7u report 202605, phase '(Lump Sum)', budget line 'BR-0231': 'Queensboro Bridge - HAZARD MITIGATION'"
QC079-020,physical,,,"rule: physical work, listed as (Equipment)",reviewed,"fb86-vt7u report 202605, phase '(Equipment)', budget line 'HN-Q300': 'Louis Armstrong House - Theater Lighting and Sound Systems'"
QNSREPAIR,physical,,,"rule: physical work, listed as (Holding Code)",reviewed,"fb86-vt7u report 202605, phase '(Holding Code)', budget line 'EP-0006': 'REHABILITATION OF QUEENS REPAIR FACILITY'"
REALTIMPS,physical,,requirements_contract,"rule: physical work, listed as (Requirements Contract)",reviewed,"fb86-vt7u report 202605, phase '(Requirements Contract)', budget line 'TF-0001': 'Real Time Passenger Information System, CW - Streets Plan'"
ROOSEOPER,physical,,funding_agreement,"rule: physical work, listed as (Funding Agreement)",reviewed,"fb86-vt7u report 202605, phase '(Funding Agreement)', budget line 'ED-D075': 'Roosevelt Island Operating Corp - Blackwell House'"
RTPIFY20,physical,,requirements_contract,"rule: physical work, listed as (Requirements Contract)",reviewed,"fb86-vt7u report 202605, phase '(Requirements Contract)', budget line 'TF-0001 , TF-D005 , TF-K001 , TF-X001': 'Real Time Passenger Info Signs FY20ADOP'"
S136-439,physical,,,"rule: physical work, listed as (Lump Sum)",reviewed,"fb86-vt7u report 202605, phase '(Lump Sum)', budget line 'S -0136': 'DSNY FACILITY REHAB, CITYWIDE'"
S186-224A,physical,,,"rule: physical work, listed as (Equipment)",reviewed,"fb86-vt7u report 202605, phase '(Equipment)', budget line 'S -0186': 'Brooklyn 3 New Garage Initial Outfitting'"
S216-240,physical,,,"rule: physical work, listed as (Lump Sum)",reviewed,"fb86-vt7u report 202605, phase '(Lump Sum)', budget line 'S -0216': 'DSNY PIER WORK  RECONSTRUCTION CITYWIDE'"
S248-423B,overhead,,requirements_contract,"review: office space for an agency, not work at a project's place",reviewed,"fb86-vt7u report 202605, phase '(Requirements Contract)', budget line 'S -0248': 'Bronx 9/10/11 Watson Ave swing space Paving'"
SANDB3416,physical,,pass_through,"rule: physical work, listed as (Pass-Through Fund)",reviewed,"fb86-vt7u report 202605, phase '(Pass-Through Fund)', budget line 'ED-0319': 'Sandy - BNYDC - PW 3416 - Berth 6 Concrete Slab'"
SANDB4123,physical,,pass_through,"rule: physical work, listed as (Pass-Through Fund)",reviewed,"fb86-vt7u report 202605, phase '(Pass-Through Fund)', budget line 'ED-0319': 'Sandy - BNYDC - PW 4123 Rehabilitation'"
SANDB4269,physical,,pass_through,"rule: physical work, listed as (Pass-Through Fund)",reviewed,"fb86-vt7u report 202605, phase '(Pass-Through Fund)', budget line 'ED-0319': 'BNYDC Sandy - PW 4269 - B270 Boilers'"
SANDB4270,physical,,pass_through,"rule: physical work, listed as (Pass-Through Fund)",reviewed,"fb86-vt7u report 202605, phase '(Pass-Through Fund)', budget line 'ED-0319': 'Sandy - BNYDC - PW 4270 - BNYDC SITE-WIDE CONDUIT - PAAP'"
SANDB4271,physical,,pass_through,"rule: physical work, listed as (Pass-Through Fund)",reviewed,"fb86-vt7u report 202605, phase '(Pass-Through Fund)', budget line 'ED-0319': 'Sandy - BNYDC - PW 4271 - Substations No. 292 and No. 542'"
SANDB4272,physical,,pass_through,"rule: physical work, listed as (Pass-Through Fund)",reviewed,"fb86-vt7u report 202605, phase '(Pass-Through Fund)', budget line 'ED-0319': 'Sandy - BNYDC - PW 4272 - Berths 8, 8A'"
SANDB4273,physical,,pass_through,"rule: physical work, listed as (Pass-Through Fund)",reviewed,"fb86-vt7u report 202605, phase '(Pass-Through Fund)', budget line 'ED-0319': 'Sandy - BNYDC - PW 4273 - Steam Back-Up Plant - Bldg #41A'"
SANDB4274,physical,,pass_through,"rule: physical work, listed as (Pass-Through Fund)",reviewed,"fb86-vt7u report 202605, phase '(Pass-Through Fund)', budget line 'ED-0319': 'Sandy - BNYDC - PW 4274 - Dry Dock 1'"
SANDB4275,physical,,pass_through,"rule: physical work, listed as (Pass-Through Fund)",reviewed,"fb86-vt7u report 202605, phase '(Pass-Through Fund)', budget line 'ED-0319': 'Sandy - BNYDC - PW 4275 - SUB STATION G BUILDING 386'"
SANDB4307,physical,,pass_through,"rule: physical work, listed as (Pass-Through Fund)",reviewed,"fb86-vt7u report 202605, phase '(Pass-Through Fund)', budget line 'ED-0319': 'Sandy - BNYDC - PW 4307 Substation B'"
SANDB4388,physical,,pass_through,"rule: physical work, listed as (Pass-Through Fund)",reviewed,"fb86-vt7u report 202605, phase '(Pass-Through Fund)', budget line 'ED-0319': 'Sandy - BNYDC - PW 4388 - Boiler Replacement'"
SANDB4582,physical,,pass_through,"rule: physical work, listed as (Pass-Through Fund)",reviewed,"fb86-vt7u report 202605, phase '(Pass-Through Fund)', budget line 'ED-0319': 'Sandy - BNYDC - PW 4582 - BERTH 9,9A'"
SANDB4583,physical,,pass_through,"rule: physical work, listed as (Pass-Through Fund)",reviewed,"fb86-vt7u report 202605, phase '(Pass-Through Fund)', budget line 'ED-0319': 'Sandy - BNYDC - PW 4583 - BERTH 10 & 10A'"
SANDBNYAM,physical,,pass_through,"rule: physical work, listed as (Pass-Through Fund)",reviewed,"fb86-vt7u report 202605, phase '(Pass-Through Fund)', budget line 'ED-0319': 'Sandy - BNYDC Hurricane Sandy Asset Management Repairs'"
SANDBNYEC,physical,,pass_through,"rule: physical work, listed as (Pass-Through Fund)",reviewed,"fb86-vt7u report 202605, phase '(Pass-Through Fund)', budget line 'ED-0319': 'Sandy - BNYDC Hurricane Sandy Electrical Repairs'"
SANDBNYWF,physical,,pass_through,"rule: physical work, listed as (Pass-Through Fund)",reviewed,"fb86-vt7u report 202605, phase '(Pass-Through Fund)', budget line 'ED-0319': 'Sandy - BNYDC Hurricane Sandy Waterfront Repair'"
SANDCONDU,physical,,,"rule: physical work, listed as (Lump Sum)",reviewed,"fb86-vt7u report 202605, phase '(Lump Sum)', budget line 'HW-0003': 'SANDY CONDUIT ADDITIONAL CITY-WIDE WORK'"
SANDPUMP,physical,,,"rule: physical work, listed as (Holding Code)",reviewed,"fb86-vt7u report 202605, phase '(Holding Code)', budget line 'WP-0269': 'RECONS OF VARIOUS PUMPING STATIONS  DUE TO HURRICANE SANDY'"
SANDTGI,physical,,pass_through,"rule: physical work, listed as (Pass-Through Fund)",reviewed,"fb86-vt7u report 202605, phase '(Pass-Through Fund)', budget line 'ED-0831': 'Governors Island Hurricane Sandy Repairs'"
SANDTGIBM,physical,,pass_through,"rule: physical work, listed as (Pass-Through Fund)",reviewed,"fb86-vt7u report 202605, phase '(Pass-Through Fund)', budget line 'ED-0831': 'Governors Island - Hurricane Sandy BMB Repair'"
SANDTGIEL,physical,,pass_through,"rule: physical work, listed as (Pass-Through Fund)",reviewed,"fb86-vt7u report 202605, phase '(Pass-Through Fund)', budget line 'ED-0075': 'Governors Island - Hurricane Sandy Electrical Repairs'"
SANDWPCPS,physical,,,"rule: physical work, listed as (Holding Code)",reviewed,"fb86-vt7u report 202605, phase '(Holding Code)', budget line 'WP-0112': 'RECONS OF WPCPS AND PUMPING STATIONS DUE TO HURRICANE SANDY'"
SANDYNYA,physical,,funding_agreement,"rule: physical work, listed as (Funding Agreement)",reviewed,"fb86-vt7u report 202605, phase '(Funding Agreement)', budget line 'PV-0230 , PV-0467': 'WCS - New York Aquarium Sandy Renovation'"
SCA28ELE,physical,,,"rule: physical work, listed as (Lump Sum)",reviewed,"fb86-vt7u report 202605, phase '(Lump Sum)', budget line 'PU-0025': 'SCA Lump Sum'"
SCA29ELE,physical,,,"rule: physical work, listed as (Lump Sum)",reviewed,"fb86-vt7u report 202605, phase '(Lump Sum)', budget line 'PU-0025': 'SCA Lump Sum'"
SCA30ELE,physical,,,"rule: physical work, listed as (Lump Sum)",reviewed,"fb86-vt7u report 202605, phase '(Lump Sum)', budget line 'PU-0025': 'SCA Lump Sum'"
SEAVIEW,physical,,funding_agreement,"rule: physical work, listed as (Funding Agreement)",reviewed,"fb86-vt7u report 202605, phase '(Funding Agreement)', budget line 'PW-D005': 'FA - Seaview Senior Housing - Met Council'"
SEED-BGDC,physical,,,rule: consultant services for a named place are that place's project cost,reviewed,"fb86-vt7u report 202605, phase 'Pre-Design', budget line 'P -0245X, P -I001': 'COY: Bathgate Playground and PRB Consultant Services' / 'Bathgate Playground and Public Restroom Building Design and Construction Management Services'"
SEED-JNP,physical,,,"rule: physical work, listed as (Lump Sum)",reviewed,"fb86-vt7u report 202605, phase '(Lump Sum)', budget line 'ED-0075': 'JNP: Lump Sum'"
SEED-LICL,physical,,,"rule: physical work, listed as (Lump Sum)",reviewed,"fb86-vt7u report 202605, phase '(Lump Sum)', budget line 'ED-0075': 'LIC: Lump Sum'"
SEEDPIER1,physical,,,"rule: physical work, listed as (Lump Sum)",reviewed,"fb86-vt7u report 202605, phase '(Lump Sum)', budget line 'ED-0384': 'SI Pier 1 Rehabilitation SEED Funding'"
SIGNALSF4,physical,,,"rule: physical work, listed as (Lump Sum)",reviewed,"fb86-vt7u report 202605, phase '(Lump Sum)', budget line 'TF-0001 , TF-0CH1': 'Traffic Signals Safety, Citywide'"
SIGNALSVZ,physical,,requirements_contract,"rule: physical work, listed as (Requirements Contract)",reviewed,"fb86-vt7u report 202605, phase '(Requirements Contract)', budget line 'TF-0001 , TF-0CH1': 'Signalized Intersection Improvements-Vision Zero'"
STEFFSCMV,physical,,,"rule: physical work, listed as (Equipment)",reviewed,"fb86-vt7u report 202605, phase '(Equipment)', budget line 'TF-0001': 'NYC Street Efficiency Strategic Commercial Vehicle Monitorin'"
STGBUSRAM,physical,,requirements_contract,"rule: physical work, listed as (Requirements Contract)",reviewed,"fb86-vt7u report 202605, phase '(Requirements Contract)', budget line 'FA-0021': 'St. George Terminal Bus Ramp Recons'"
STGTCHILL,physical,,requirements_contract,"rule: physical work, listed as (Requirements Contract)",reviewed,"fb86-vt7u report 202605, phase '(Requirements Contract)', budget line 'FA-0021': 'St. George Ferry Terminal Chiller Replacement'"
STREAM-25,physical,,job_order_contract,"rule: physical work, listed as (Job Order Contract)",reviewed,"fb86-vt7u report 202605, phase '(Job Order Contract)', budget line 'WM-0030': 'FAD 23-27 STREAM MANAGEMENT'"
TD19RFRE3,overhead,,,rule: enterprise IT,reviewed,"fb86-vt7u report 202605, phase '(Equipment)', budget line 'TD-0019': 'Refresh of PC Network Infrastructure'"
TF-RELITE,physical,,,"rule: physical work, listed as (Equipment)",reviewed,"fb86-vt7u report 202605, phase '(Equipment)', budget line 'TF-0503': 'Citywide LED Street Light Replacement Plan'"
TF012026,physical,,requirements_contract,"rule: physical work, listed as (Requirements Contract)",reviewed,"fb86-vt7u report 202605, phase '(Requirements Contract)', budget line 'TF-0001 , TF-0CH1': 'New Signals Installation - Citywide FY26'"
TF01APS,physical,,,"rule: physical work, listed as (Lump Sum)",reviewed,"fb86-vt7u report 202605, phase '(Lump Sum)', budget line 'TF-0001': 'Accessible Pedestrian Signals, citywide  - TEN YEARS'"
TF01RLC6,physical,,,"rule: physical work, listed as (Equipment)",reviewed,"fb86-vt7u report 202605, phase '(Equipment)', budget line 'TF-0001': 'Red Light Cameras -purchase and installation'"
TF01RUDA,physical,,,"rule: physical work, listed as (Equipment)",reviewed,"fb86-vt7u report 202605, phase '(Equipment)', budget line 'TF-0001': 'Furnish and Installl Roadway Dectection Data Analytics Sys'"
TF01TPM23,physical,,requirements_contract,"rule: physical work, listed as (Requirements Contract)",reviewed,"fb86-vt7u report 202605, phase '(Requirements Contract)', budget line 'TF-0001': 'Thermoplastic Marking Citywide-FY23'"
TF01VARMS,physical,,requirements_contract,"rule: physical work, listed as (Requirements Contract)",reviewed,"fb86-vt7u report 202605, phase '(Requirements Contract)', budget line 'TF-0001': 'Variable Message Signs Replacement, Citywide'"
TF072017,physical,,requirements_contract,"rule: physical work, listed as (Requirements Contract)",reviewed,"fb86-vt7u report 202605, phase '(Requirements Contract)', budget line 'TF-Q503': 'Extension of lighting project Woodhaven'"
TF18-JGH,physical,,requirements_contract,"rule: physical work, listed as (Requirements Contract)",reviewed,"fb86-vt7u report 202605, phase '(Requirements Contract)', budget line 'TF-0018': 'JEROME GUN HILL MUNICIPAL PARKING GARAGE, BRONX'"
TF18-LUMP,physical,,,"rule: physical work, listed as (Lump Sum)",reviewed,"fb86-vt7u report 202605, phase '(Lump Sum)', budget line 'TF-0018': 'LUMP SUM FOR PARKING RECONSTRUCTION'"
TF18BRIDG,physical,,,"rule: physical work, listed as (Equipment)",reviewed,"fb86-vt7u report 202605, phase '(Equipment)', budget line 'TF-0018': 'Bayridge Garage Elevator Replacement'"
TF50308,physical,,requirements_contract,"rule: physical work, listed as (Requirements Contract)",reviewed,"fb86-vt7u report 202605, phase '(Requirements Contract)', budget line 'TF-0503': 'St lg Poles:Cross Bay Blvd ,156th to 165th Ave -S4319,MA122.'"
TF50309,physical,,requirements_contract,"rule: physical work, listed as (Requirements Contract)",reviewed,"fb86-vt7u report 202605, phase '(Requirements Contract)', budget line 'TF-0503': 'St lg inst on Old Howard Beach -S4320'"
TF50310,physical,,requirements_contract,"rule: physical work, listed as (Requirements Contract)",reviewed,"fb86-vt7u report 202605, phase '(Requirements Contract)', budget line 'TF-0503': 'Rlp lg brackets 102nd St and 159 Ave, -XMA123.30A'"
TF50311,physical,,requirements_contract,"rule: physical work, listed as (Requirements Contract)",reviewed,"fb86-vt7u report 202605, phase '(Requirements Contract)', budget line 'TF-0503': 'Rpl St lg pl Bedford Ave fm Campus Rd to Foster Ave-XMA165.3'"
TF50312,physical,,requirements_contract,"rule: physical work, listed as (Requirements Contract)",reviewed,"fb86-vt7u report 202605, phase '(Requirements Contract)', budget line 'TF-0503': 'St lg repl Union Turnpike:Main St to Utopia Pkwy MA2179.30'"
TF50313,physical,,requirements_contract,"rule: physical work, listed as (Requirements Contract)",reviewed,"fb86-vt7u report 202605, phase '(Requirements Contract)', budget line 'TF-0503': 'Instl lg on Cortelyou Rd&Newkirk XMA193.30 & A835'"
TF50316,physical,,requirements_contract,"rule: physical work, listed as (Requirements Contract)",reviewed,"fb86-vt7u report 202605, phase '(Requirements Contract)', budget line 'TF-0503': 'Decor Historic lg on W13th St, from 7th Ave to XMA418.30A'"
TF50318,physical,,requirements_contract,"rule: physical work, listed as (Requirements Contract)",reviewed,"fb86-vt7u report 202605, phase '(Requirements Contract)', budget line 'TF-0503': 'St on Myrtle Avenue Bus Corridor XA839'"
TF50319,physical,,requirements_contract,"rule: physical work, listed as (Requirements Contract)",reviewed,"fb86-vt7u report 202605, phase '(Requirements Contract)', budget line 'TF-0503': 'St light on Steinway Bus Corridor XA2308'"
TF50320,physical,,requirements_contract,"rule: physical work, listed as (Requirements Contract)",reviewed,"fb86-vt7u report 202605, phase '(Requirements Contract)', budget line 'TF-0503': 'East New York Street Lighting'"
TFAPEDSY4,physical,,requirements_contract,"rule: physical work, listed as (Requirements Contract)",reviewed,"fb86-vt7u report 202605, phase '(Requirements Contract)', budget line 'TF-0001': 'Accessible Pedestrian Signals'"
TFAPEDSY5,physical,,requirements_contract,"rule: physical work, listed as (Requirements Contract)",reviewed,"fb86-vt7u report 202605, phase '(Requirements Contract)', budget line 'TF-0001': 'Accessible Pedestrian Signals-CW'"
TFCORRBA2,physical,,requirements_contract,"rule: physical work, listed as (Requirements Contract)",reviewed,"fb86-vt7u report 202605, phase '(Requirements Contract)', budget line 'TF-0CH1': 'Replacement of Corroded Stlight&Signal Poles Base'"
TFCWSBST,physical,,requirements_contract,"rule: physical work, listed as (Requirements Contract)",reviewed,"fb86-vt7u report 202605, phase '(Requirements Contract)', budget line 'TF-0001': 'SBS-Citywide Real Time Totem System'"
TFD503-04,physical,,requirements_contract,"rule: physical work, listed as (Requirements Contract)",reviewed,"fb86-vt7u report 202605, phase '(Requirements Contract)', budget line 'TF-D503': 'ROOSEVELT AVENUE STREET LIGHTING'"
TFD503-07,physical,,requirements_contract,"rule: physical work, listed as (Requirements Contract)",reviewed,"fb86-vt7u report 202605, phase '(Requirements Contract)', budget line 'TF-D503': 'GREAT KILLS MUNICIPAL PARKING LOT LIGHTING'"
TFD503-17,physical,,requirements_contract,"rule: physical work, listed as (Requirements Contract)",reviewed,"fb86-vt7u report 202605, phase '(Requirements Contract)', budget line 'TF-D503': 'HISTORIC ST LIGHT-WEST BROADWAY FROM HOUSTON TO BROOME'"
TFD503-20,physical,,requirements_contract,"rule: physical work, listed as (Requirements Contract)",reviewed,"fb86-vt7u report 202605, phase '(Requirements Contract)', budget line 'TF-D503 , TF-M503': 'DOWNTOWN ALLIANCE-HISTORIC LIGHTPOLES'"
TFD503K23,physical,,requirements_contract,"rule: physical work, listed as (Requirements Contract)",reviewed,"fb86-vt7u report 202605, phase '(Requirements Contract)', budget line 'TF-D503': 'BROOKLYN  HEIGHTS HISTORIC LIGHTING'"
TFD503K26,physical,,requirements_contract,"rule: physical work, listed as (Requirements Contract)",reviewed,"fb86-vt7u report 202605, phase '(Requirements Contract)', budget line 'TF-D503': 'FLATBUSH AVE. ST. PURCHASE AND INSTALLATION OF LAMP POST'"
TFD503KCD,physical,,requirements_contract,"rule: physical work, listed as (Requirements Contract)",reviewed,"fb86-vt7u report 202605, phase '(Requirements Contract)', budget line 'TF-D503': 'COUNTDOWN CLOCKS INSTALLATION IN BENSONHURST, BKLYN'"
TFD503M24,physical,,requirements_contract,"rule: physical work, listed as (Requirements Contract)",reviewed,"fb86-vt7u report 202605, phase '(Requirements Contract)', budget line 'TF-D503': 'FLATIRON DISTINCTIVE LIGHTING ALONG 23rd ST. 3rd to 6th AV.'"
TFD503M27,physical,,requirements_contract,"rule: physical work, listed as (Requirements Contract)",reviewed,"fb86-vt7u report 202605, phase '(Requirements Contract)', budget line 'TF-D503': 'REPLACE AND INSTALL ST LG IN FASHION CENTER BUSINESS IMPRV'"
TFD503M29,physical,,requirements_contract,"rule: physical work, listed as (Requirements Contract)",reviewed,"fb86-vt7u report 202605, phase '(Requirements Contract)', budget line 'TF-D503': 'Second Avenue Street lights'"
TFD503M30,physical,,requirements_contract,"rule: physical work, listed as (Requirements Contract)",reviewed,"fb86-vt7u report 202605, phase '(Requirements Contract)', budget line 'TF-D503': 'Garment District street light'"
TFD503M31,physical,,requirements_contract,"rule: physical work, listed as (Requirements Contract)",reviewed,"fb86-vt7u report 202605, phase '(Requirements Contract)', budget line 'TF-D503': 'Historic St lg on 11th St and on 12th St, Manhattan'"
TFD503M33,physical,,requirements_contract,"rule: physical work, listed as (Requirements Contract)",reviewed,"fb86-vt7u report 202605, phase '(Requirements Contract)', budget line 'TF-D503': 'GREENWICH VILLAGE DECORATIVE LIGHTING'"
TFD503M34,physical,,requirements_contract,"rule: physical work, listed as (Requirements Contract)",reviewed,"fb86-vt7u report 202605, phase '(Requirements Contract)', budget line 'TF-D503': 'Lg Poles on Crosby and Bleecker-  NOHO, Manhattan'"
TFD503M35,physical,,requirements_contract,"rule: physical work, listed as (Requirements Contract)",reviewed,"fb86-vt7u report 202605, phase '(Requirements Contract)', budget line 'TF-D503': 'JUMEL TERRACE HISTORIC DISTRICT LIGHTING, MANHATTAN'"
TFD503Q29,physical,,requirements_contract,"rule: physical work, listed as (Requirements Contract)",reviewed,"fb86-vt7u report 202605, phase '(Requirements Contract)', budget line 'TF-D503': 'LED Lighting upgrade on Jamaica Ave'"
TFD503Q32,physical,,requirements_contract,"rule: physical work, listed as (Requirements Contract)",reviewed,"fb86-vt7u report 202605, phase '(Requirements Contract)', budget line 'TF-D503': 'MYRTLE AVE DECORATIVE LIGHTING QUEENS'"
TFD503Q33,physical,,requirements_contract,"rule: physical work, listed as (Requirements Contract)",reviewed,"fb86-vt7u report 202605, phase '(Requirements Contract)', budget line 'TF-D503': 'Lght along Merrick bt. Hook Creek Blvd &Springfield Blvd'"
TFD503X21,physical,,requirements_contract,"rule: physical work, listed as (Requirements Contract)",reviewed,"fb86-vt7u report 202605, phase '(Requirements Contract)', budget line 'TF-D503': 'CLAY AV.HISTORIC DISTRICT OLD-STYLE ST LAMP BET. E165& 167TH'"
TFK50308,physical,,requirements_contract,"rule: physical work, listed as (Requirements Contract)",reviewed,"fb86-vt7u report 202605, phase '(Requirements Contract)', budget line 'TF-K503': 'HISTORIC LIGHTS FOR FLATBUSH AVE BET GRAND ARMY PL/ATLANTIC'"
TFK50312,physical,,requirements_contract,"rule: physical work, listed as (Requirements Contract)",reviewed,"fb86-vt7u report 202605, phase '(Requirements Contract)', budget line 'TF-K503': 'STREET LIGHT ON KINGS HIGHWAY BET CONEY ISLAND AV &E.16TH ST'"
TFK50313,physical,,requirements_contract,"rule: physical work, listed as (Requirements Contract)",reviewed,"fb86-vt7u report 202605, phase '(Requirements Contract)', budget line 'TF-K503': 'Historic Lighting on Broadway btw Roebling and Bedford'"
TFKVANDMD,physical,,requirements_contract,"rule: physical work, listed as (Requirements Contract)",reviewed,"fb86-vt7u report 202605, phase '(Requirements Contract)', budget line 'TF-K503': 'VANDERBILT AVE MERCHANTS DISTRICT/PHNDC:  ELEGANT STREET LIG'"
TFLGAVEU,physical,,requirements_contract,"rule: physical work, listed as (Requirements Contract)",reviewed,"fb86-vt7u report 202605, phase '(Requirements Contract)', budget line 'TF-0503': 'St Lg on Ave U from Ocean Pkwy to McDonald Ave XMA206.30A'"
TFLTURNSG,physical,,requirements_contract,"rule: physical work, listed as (Requirements Contract)",reviewed,"fb86-vt7u report 202605, phase '(Requirements Contract)', budget line 'TF-0001 , TF-0CH1': 'Installation of Left Turn Signals, Citywde'"
TFLUMP,physical,,,"rule: physical work, listed as (Lump Sum)",reviewed,"fb86-vt7u report 202605, phase '(Lump Sum)', budget line 'TF-0001 , TF-0503 , TF-D004': 'Traffic projects'"
TFM50311,physical,,requirements_contract,"rule: physical work, listed as (Requirements Contract)",reviewed,"fb86-vt7u report 202605, phase '(Requirements Contract)', budget line 'TF-M503': 'INSTALL S-POLE LIGHTING- VARIOUS STREETS WEST OF BROADWAY'"
TFM50316,physical,,requirements_contract,"rule: physical work, listed as (Requirements Contract)",reviewed,"fb86-vt7u report 202605, phase '(Requirements Contract)', budget line 'TF-M503': 'Frederick Douglas Blvd Street Lamps'"
TFM50320,physical,,requirements_contract,"rule: physical work, listed as (Requirements Contract)",reviewed,"fb86-vt7u report 202605, phase '(Requirements Contract)', budget line 'TF-D503 , TF-M503': 'Union Square - 14th Street Lighting Upgrades, MANHATTAN'"
TFM50321,physical,,requirements_contract,"rule: physical work, listed as (Requirements Contract)",reviewed,"fb86-vt7u report 202605, phase '(Requirements Contract)', budget line 'TF-D503 , TF-M503': 'WEST VILLAGE UPGRADE LAMPPOST TO BISHOP CROOK, MANHATTAN'"
TFMARKLMP,physical,,,"rule: physical work, listed as (Lump Sum)",reviewed,"fb86-vt7u report 202605, phase '(Lump Sum)', budget line 'TF-0001': 'THERMOPLASTIC MARKINGS-TEN YEARS'"
TFPOWCURB,physical,,,"rule: physical work, listed as (Equipment)",reviewed,"fb86-vt7u report 202605, phase '(Equipment)', budget line 'TF-0001': 'Furnish and Install  L2 Charging Infrastructure, Curbside,CW'"
TFSBIKEPK,physical,,,"rule: physical work, listed as (Lump Sum)",reviewed,"fb86-vt7u report 202605, phase '(Lump Sum)', budget line 'TF-0001': 'Purchase and installation of Secure Bike Parking'"
TFSPDCAM2,physical,,,"rule: physical work, listed as (Equipment)",reviewed,"fb86-vt7u report 202605, phase '(Equipment)', budget line 'TF-0001': 'Purchase and Install Speed Cameras, Citywide'"
TFWHSBSRT,physical,,requirements_contract,"rule: physical work, listed as (Requirements Contract)",reviewed,"fb86-vt7u report 202605, phase '(Requirements Contract)', budget line 'TF-0001': 'SBS - Real Time Totem System'"
TFX50301,physical,,requirements_contract,"rule: physical work, listed as (Requirements Contract)",reviewed,"fb86-vt7u report 202605, phase '(Requirements Contract)', budget line 'TF-X503': 'GRAND CONCOURSE DECORATIVE STREET LIGHTING'"
TYPLREP,physical,,,"rule: physical work, listed as (Lump Sum)",reviewed,"fb86-vt7u report 202605, phase '(Lump Sum)', budget line 'P -0705 , TF-0503': 'TRAFFIC PARK & HIGHWAY DISTRIBUTION(TEN YEAR PLAN)'"
TYPLSGM,physical,,,"rule: physical work, listed as (Lump Sum)",reviewed,"fb86-vt7u report 202605, phase '(Lump Sum)', budget line 'TF-0001 , TF-0CH1': 'TRAFFIC SIGNALS (TEN YEAR PLAN)'"
VANCRTLD,physical,,requirements_contract,"rule: physical work, listed as (Requirements Contract)",reviewed,"fb86-vt7u report 202605, phase '(Requirements Contract)', budget line 'HW-0003': 'VAN COURTLAND FACILITY'"
W147LIGH,physical,,requirements_contract,"rule: physical work, listed as (Requirements Contract)",reviewed,"fb86-vt7u report 202605, phase '(Requirements Contract)', budget line 'TF-M503': 'West 147th Street Sugar Hill Historical Street Lights'"
WATERLUMP,physical,,,"rule: physical work, listed as (Lump Sum)",reviewed,"fb86-vt7u report 202605, phase '(Lump Sum)', budget line 'ED-0075 , ED-0409 , ED-0409': 'Lump Sum - Waterfront Improvements'"
WB2HAZMIG,physical,,,"rule: physical work, listed as (Lump Sum)",reviewed,"fb86-vt7u report 202605, phase '(Lump Sum)', budget line 'BR-0253': 'Williamsburg Bridge - HAZARD MITIGATION'"
WCR-GRANT,physical,,,"rule: physical work, listed as (Holding Code)",reviewed,"fb86-vt7u report 202605, phase '(Holding Code)', budget line 'EP-0009': 'Water Conservation and Reuse Grant Pilot Program'"
WCSNONPW,physical,,funding_agreement,"rule: physical work, listed as (Funding Agreement)",reviewed,"fb86-vt7u report 202605, phase '(Funding Agreement)', budget line 'PV-0467': 'WCS - NYA Sandy Renovation Non FEMA Eligible'"
WILLETPH2,physical,,funding_agreement,"rule: physical work, listed as (Funding Agreement)",reviewed,"fb86-vt7u report 202605, phase '(Funding Agreement)', budget line 'ED-0075': 'FA - Willets Point Phase 2'"
WILLETS23,physical,,funding_agreement,"rule: physical work, listed as (Funding Agreement)",reviewed,"fb86-vt7u report 202605, phase '(Funding Agreement)', budget line 'ED-0075': 'Willets Point Redevelopment - Relocation Services'"
WILLTFAON,physical,,funding_agreement,"rule: physical work, listed as (Funding Agreement)",reviewed,"fb86-vt7u report 202605, phase '(Funding Agreement)', budget line 'ED-0075 , SE-0200Q': 'FA - Willet's Point Onsite Infrastructure'"
WPSOGR,overhead,yes,,review: money set aside; overhead unless it is for defined work (a reserve takes the kind of what it is for),reviewed,"fb86-vt7u report 202605, phase '(Holding Code)', budget line 'WP-0112 , WP-0170 , WP-0269 , WP-0285': 'Holding Code- Small SOGR for BWT Projects'"
WWMGT-18,physical,,job_order_contract,"rule: physical work, listed as (Job Order Contract)",reviewed,"fb86-vt7u report 202605, phase '(Job Order Contract)', budget line 'WM-0030': 'FAD 18-22 COMMUNITY WASTEWATER MGMT.'"
YC028-008,physical,,,"rule: physical work, listed as (Equipment)",reviewed,"fb86-vt7u report 202605, phase '(Equipment)', budget line 'HN-Q300': 'IMPROVEMENTS TO THE PERFORMING ARTS CENTER'"
YC049-014,physical,,,"rule: physical work, listed as (Equipment)",reviewed,"fb86-vt7u report 202605, phase '(Equipment)', budget line 'HN-D300': 'Renovate/Build 3D Graphics and Printing Lab'"
