agency,code,facility,factype,title_pattern,notes
HHC,11,BELLEVUE HOSPITAL CENTER,HOSPITAL,BELLEVUE|\bBEL\b,
HHC,13,HARLEM HOSPITAL CENTER,HOSPITAL,HARLEM,
HHC,18,SYDENHAM HEALTH CENTER,CHILD HEALTH CENTER,SYDENHAM,
HHC,20,SEGUNDO RUIZ BELVIS DIAGNOSTIC & TREATMENT CENTER,DIAGNOSTIC & TREATMENT CENTER,BELVIS,
HHC,21,JACOBI MEDICAL CENTER,HOSPITAL,JACOBI,
HHC,23,DR SUSAN SMITH MCKINNEY NURSING AND REHABILITATION CENTER,NURSING HOME,MCKINNEY|\bSSM\b,
HHC,24,NORTH CENTRAL BRONX HOSPITAL,HOSPITAL,\bNCB\b|NORTH CENTRAL BRONX,code also covers the Tremont clinic
HHC,25,LINCOLN MEDICAL & MENTAL HEALTH CENTER,HOSPITAL,LINCOLN|\bLIN\b,
HHC,26,SOUTH BROOKLYN HEALTH,HOSPITAL,\bSBH\b|CONEY ISLAND|SOUTH BROOKLYN,formerly Coney Island Hospital; code also covers a Staten Island clinic (excluded by the borough check)
HHC,29,KINGS COUNTY HOSPITAL CENTER,HOSPITAL,KINGS|\bKIN\b|\bKCH,
HHC,33,ELMHURST HOSPITAL CENTER,HOSPITAL,ELMH?URST|\bELM\b|\bEHC\b,code also covers the Junction Blvd clinic
HHC,34,QUEENS HOSPITAL CENTER,HOSPITAL,QUEENS|\bQHC\b,
HHC,37,METROPOLITAN HOSPITAL CENTER,HOSPITAL,METROPOLITAN|\bMET\b,
HHC,42,MORRISANIA DIAGNOSTIC & TREATMENT CENTER,DIAGNOSTIC & TREATMENT CENTER,MORR?ISS?ANIA,
HHC,48,WOODHULL MEDICAL & MENTAL HEALTH CENTER,HOSPITAL,WOODHULL,code also covers Bushwick Communicare
HHC,57,ROOSEVELT COMMUNITY HEALTH CENTER OF EXCELLENCE,DIAGNOSTIC AND TREATMENT CENTER,ROOSEVELT,Gotham Health Roosevelt
HHC,67,COLER REHABILITATION AND NURSING CARE CENTER,NURSING HOME,COLER,
HHC,68,HENRY J. CARTER SPECIALTY HOSPITAL,HOSPITAL,CARTER|\bHJC\b,
HHC,71,PARSONS COMMUNITY HEALTH CENTER,DIAGNOSTIC AND TREATMENT CENTER EXTENSION CLINIC,PARSONS,
HHC,73,SPRINGFIELD COMMUNITY HEALTH CENTER,DIAGNOSTIC AND TREATMENT CENTER EXTENSION CLINIC,SPRINGFIELD|\bSPR\b,
HHC,75,"SEA VIEW HOSPITAL, REHABILITATION CENTER AND HOME",NURSING HOME,SEA ?VIEW|\bSEA\b,
HHC,76,RIDGEWOOD COMMUNICARE CENTER,DIAGNOSTIC AND TREATMENT CENTER EXTENSION CLINIC,RIDGEWOOD,
HHC,77,WOODSIDE HOUSES CHILD HEALTH CENTER,DIAGNOSTIC AND TREATMENT CENTER EXTENSION CLINIC,WOODSIDE|\bWDS\b,
HHC,78,SOUTH QUEENS COMMUNITY CENTER,DIAGNOSTIC AND TREATMENT CENTER EXTENSION CLINIC,SOUTH QUEENS,
HHC,82,BROWNSVILLE CHILD HEALTH CLINIC,DIAGNOSTIC AND TREATMENT CENTER EXTENSION CLINIC,BROWNSVILLE,
CUNY,BA,CUNY BERNARD M. BARUCH COLLEGE,CUNY - 4 YEAR COLLEGE,BARUCH|NEWMAN,
CUNY,BX,BRONX COMMUNITY COLLEGE,CUNY - COMMUNITY COLLEGE,BRONX C|\bBCC\b,
CUNY,BY,CUNY BROOKLYN COLLEGE,CUNY - 4 YEAR COLLEGE,BROOKLYN COLLEGE,
CUNY,CC,CUNY CITY COLLEGE,CUNY - 4 YEAR COLLEGE,CITY COLLEGE|\bCCNY\b,
CUNY,CL,CUNY SCHOOL OF LAW,CUNY - GRADUATE CENTER,\bLAW\b,
CUNY,GR,CUNY GRADUATE SCHOOL,CUNY - GRADUATE CENTER,GRADUATE,
CUNY,GU,CUNY STELLA AND CHARLES GUTTMAN COMM,CUNY - COMMUNITY COLLEGE,GUTTMAN,
CUNY,HS,EUGENIO MARIA HOSTOS COMM COLLEGE,CUNY - COMMUNITY COLLEGE,HOSTOS,
CUNY,HU,CUNY HUNTER COLLEGE,CUNY - 4 YEAR COLLEGE,HUNTER,main campus; some projects are at the Brookdale campus (about 2 km away)
CUNY,JJ,CUNY JOHN JAY COL CRIM JUSTICE,CUNY - 4 YEAR COLLEGE,JOHN JAY,no title names it; supported by Tier A agreement
CUNY,KG,KINGSBOROUGH COMM COLL,CUNY - COMMUNITY COLLEGE,KINGSBOROUGH|\bKG?BCC,
CUNY,LG,FIORELLO H. LAGUARDIA COMM COLLEGE,CUNY - COMMUNITY COLLEGE,LAGUARDIA,
CUNY,LM,CUNY LEHMAN COLLEGE,CUNY - 4 YEAR COLLEGE,LEHMAN,
CUNY,MC,BOROUGH MANHATTAN COMM COLLEGE,CUNY - COMMUNITY COLLEGE,\bBMCC|BOROUGH OF MANHATTAN,
CUNY,ME,MEDGAR EVERS COLLEGE,CUNY - 4 YEAR COLLEGE,MEDGAR|\bMEC\b,
CUNY,NY,CUNY NYC COLLEGE OF TECHNOLOGY,CUNY - 4 YEAR COLLEGE,COLLEGE OF TECH|CITY ?TECH,
CUNY,QB,QUEENSBOROUGH COMM COLL,CUNY - COMMUNITY COLLEGE,QUEENSBOROUGH|\bQCC\b,
CUNY,QC,CUNY QUEENS COLLEGE,CUNY - 4 YEAR COLLEGE,QUEENS COLLEGE,no title names it; supported by Tier A agreement
CUNY,ST,CUNY COLLEGE OF STATEN ISLAND,CUNY - 4 YEAR COLLEGE,STATEN ISLAND|\bCSI\b,
CUNY,YC,CUNY YORK COLLEGE,CUNY - 4 YEAR COLLEGE,\bYORK,
