no,station,status,borough_code,street,rail_feature,between,evidence
1,Brooklyn Army Terminal,proposed,3,2 AVE,,59 ST|63 ST,"MTA, Interborough Express Draft Scoping Document (October 2025, mta.info document 187036), Table 4, p. 21: 'BROOKLYN ARMY TERMINAL ... Side/W side of 2nd Ave, between 59th and 63rd Streets'. Named in MTA's Brooklyn CB 7 briefing (document 203961, 2026-04-07, p. 8)."
2,4th Avenue,proposed,3,5 AVE,19240000387.0,,"MTA, Interborough Express Draft Scoping Document (October 2025, mta.info document 187036), Table 4, p. 21: '4TH AVE ... Center/W side of 5th Ave'. Named in MTA's Brooklyn CB 7 and CB 10 briefings (documents 203961, 2026-04-07, p. 8; 203956, 2026-04-13, p. 7)."
3,8th Avenue,proposed,3,8 AVE,19240000270.0,,"MTA, Interborough Express Draft Scoping Document (October 2025, mta.info document 187036), Table 4, p. 21: '8TH AVE ... Side/E side of 8thAve'. Named in MTA's Brooklyn CB 7, CB 10 and CB 12 briefings (documents 203961, 2026-04-07, p. 8; 203956, 2026-04-13, p. 7; 209781, 2026-05-26, p. 8)."
4,New Utrecht Avenue,proposed,3,14 AVE,18240000504.0,,"MTA, Interborough Express Draft Scoping Document (October 2025, mta.info document 187036), Table 4, p. 21: 'NEW UTRECHT AVE ... Side/W side of 14th Ave'. Named in MTA's Brooklyn CB 10 and CB 12 briefings (documents 203956, 2026-04-13, p. 7; 209781, 2026-05-26, p. 8)."
5,McDonald Avenue,proposed,3,MCDONALD AVE,18240000027.0,,"MTA, Interborough Express Draft Scoping Document (October 2025, mta.info document 187036), Table 4, p. 21: 'MCDONALD AVE ... Side/E of McDonald Ave'. Named in MTA's Brooklyn CB 14 and CB 12 briefings (documents 204881, 2026-03-26, p. 8; 209781, 2026-05-26, p. 8)."
6,East 16th Street,proposed,3,E 16 ST,18244001247.0,,"MTA, Interborough Express Draft Scoping Document (October 2025, mta.info document 187036), Table 4, p. 21: 'EAST 16TH ST ... Side/E of 16th St'. Named in MTA's Brooklyn CB 14 briefing (document 204881, 2026-03-26, p. 8)."
7,Flatbush-Nostrand Avenue,proposed,3,NOSTRAND AVE,18240000738.0,,"MTA, Interborough Express Draft Scoping Document (October 2025, mta.info document 187036), Table 4, p. 21: 'FLATBUSH-NOSTRAND AVE ... Side/W of Nostrand Ave'. Named in MTA's Brooklyn CB 14 briefing (document 204881, 2026-03-26, p. 8)."
8,Utica Avenue,proposed,3,UTICA AVE,20241000291.0,,"MTA, Interborough Express Draft Scoping Document (October 2025, mta.info document 187036), Table 4, p. 21: 'UTICA AVE ... Center/E of and above Utica Ave'. Named in MTA's Brooklyn CB 18 briefing (document 203446, 2026-03-23, p. 8)."
9,Remsen Avenue,proposed,3,REMSEN AVE,20241000613.0,,"MTA, Interborough Express Draft Scoping Document (October 2025, mta.info document 187036), Table 4, p. 21: 'REMSEN AVE ... Center/N of and above Remsen Ave'. Named in MTA's Brooklyn CB 18 briefing (document 203446, 2026-03-23, p. 8)."
10,Linden Boulevard,proposed,3,LINDEN BLVD,20241000365.0,,"MTA, Interborough Express Draft Scoping Document (October 2025, mta.info document 187036), Table 4, p. 22: 'LINDEN BLVD ... Side/N of Linden Blvd'. Named in MTA's Brooklyn CB 18 briefing (document 203446, 2026-03-23, p. 8)."
11,Livonia Avenue,proposed,3,LIVONIA AVE,20240000115.0,,"MTA, Interborough Express Draft Scoping Document (October 2025, mta.info document 187036), Table 4, p. 22: 'LIVONIA AVE ... Side/N of Livonia Ave'. No briefing held for its community board."
12,Sutter Avenue,dropped,3,,,,"MTA, Interborough Express Draft Scoping Document (October 2025, mta.info document 187036), Table 4, p. 22: 'SUTTER AVE ... Center/S of Sutter Ave'. MTA's 2026 community board briefings count 18 IBX stations (e.g. document 203446, p. 6) against the Scoping Document's 19, and none names Sutter Avenue."
13,Atlantic Avenue,proposed,3,ATLANTIC AVE,20240000556.0,,"MTA, Interborough Express Draft Scoping Document (October 2025, mta.info document 187036), Table 4, p. 22: 'ATLANTIC AVE ... Center / within East New York Tunnel' (PEL study: 'Side/S of E. NY Ave'). No briefing held for its community board."
14,Wilson Avenue,proposed,3,WILSON AVE,20242000766.0,,"MTA, Interborough Express Draft Scoping Document (October 2025, mta.info document 187036), Table 4, p. 22: 'WILSON AVE ... Center/N of Wilson Ave'. Named in MTA's Brooklyn CB 4 briefing (document 209766, 2026-05-14, p. 8)."
15,Myrtle Avenue,proposed,4,CYPRESS HILLS ST,5241000272.0,,"MTA, Interborough Express Draft Scoping Document (October 2025, mta.info document 187036), Table 4, p. 22: 'MYRTLE AVE ... Side/S of Cypress Hills St'. Named in MTA's Queens CB 5 briefing (document 203441, 2026-03-24, p. 8)."
16,Metropolitan Avenue,proposed,4,METROPOLITAN AVE,9240000016.0,,"MTA, Interborough Express Draft Scoping Document (October 2025, mta.info document 187036), Table 4, p. 22: 'METROPOLITAN AVE ... Side/S of Metropolitan Ave'. Named in MTA's Queens CB 5 briefing (document 203441, 2026-03-24, p. 8)."
17,Eliot Avenue,proposed,4,ELIOT AVE,9240000539.0,,"MTA, Interborough Express Draft Scoping Document (October 2025, mta.info document 187036), Table 4, p. 22: 'ELIOT AVE ... Center/N of Eliot Ave'. Named in MTA's Queens CB 5 briefing (document 203441, 2026-03-24, p. 8)."
18,Grand Avenue,proposed,4,GRAND AVE,9240000058.0,,"MTA, Interborough Express Draft Scoping Document (October 2025, mta.info document 187036), Table 4, p. 23: 'GRAND AVE ... Center/S of and under Grand Ave'. Named in MTA's Queens CB 4 and CB 5 briefings (documents 203436, 2026-03-31, p. 8; 203441, 2026-03-24, p. 8)."
19,Roosevelt Avenue,proposed,4,ROOSEVELT AVE,9240000235.0,,"MTA, Interborough Express Draft Scoping Document (October 2025, mta.info document 187036), Table 4, p. 23: 'ROOSEVELT AVE ... Center/S of Roosevelt Ave'. Named in MTA's Queens CB 4 and CB 2 briefings (documents 203436, 2026-03-31, p. 8; 209791, 2026-05-05, p. 8)."
