plan,step,outcome,board_date,cprb_date,total,cprb_portion,document,quote
Capital Plan 2010 - 2014,adopted,approved,2010-04-28,2010-06-01,26.265,23.812,155616,"p2: On April 28, 2010, the MTA Board approved a proposed $23.812 billion 2010-2014 Capital Program. The Capital Program Review Board (CPRB) approved the program on June 1, 2010. | p2: Together, these capital programs totaled $26.265 billion."
Capital Plan 2010 - 2014,amendment 2011-12,approved,2011-12-21,2012-03-27,24.274,22.195,155616,"p2: On December 21, 2011, the MTA Board approved an amendment that reduced the program to $22.195 billion. This amendment, approved by the CPRB on March 27, 2012, | p2: Together, these capital programs totaled $24.274 billion for 2010-2014."
Capital Plan 2010 - 2014,amendment 2012-12 (Sandy restoration),approved,2012-12-19,2013-01-22,29.029,,155616,"p2: On December 19, 2012, the MTA Board approved an amendment to the CPRB 2010-2014 Capital Program to add projects totaling $3.977 billion for the restoration of MTA agency assets damaged because of Superstorm Sandy, | p2: This amendment was approved by the CPRB on January 22, 2013. | p2: Together, the Capital Program totaled $29.029 billion."
Capital Plan 2010 - 2014,amendment 2013-07 (Sandy mitigation),approved,2013-07-24,2013-08-26,34.801,31.849,155616,"p2: On July 24, 2013, the MTA Board approved an amendment to the program adding mitigation projects totaling $5.674 billion | p2: which resulted in a $31.849 billion overall program that was deemed approved by the CPRB on August 26, 2013. | p2: The total Capital Program level, including B&T, was $34.801 billion."
Capital Plan 2010 - 2014,amendment 2014-07,approved,2014-07-28,2014-09-03,34.801,31.849,155616,"p2: On July 28, 2014, the MTA Board approved an amendment to the CPRB 2010-2014 Capital Program. | p3: The overall CPRB portion total of $31.849 billion remained unchanged. That program was deemed approved on September 3, 2014. | p3: so the total program remained $34.801 billion"
Capital Plan 2010 - 2014,amendment 2017-05,approved,2017-05-24,2017-07-31,32.021,,155616,"p3: On May 24, 2017, the MTA Board approved an amendment to the program that reduced the overall MTA capital program from $34.801 billion to $32.021 billion. | p3: The CPRB portion of the amendment was deemed approved on July 31, 2017."
Capital Plan 2010 - 2014,amendment 2019-09,approved,2019-09-25,2020-02-21,31.704,,155616,"p3: On September 25, 2019, the MTA Board approved an amendment to the program that reduced the overall MTA Capital Program from $32.021 billion to $31.704 billion. | p3: The amendment was deemed approved by the CPRB on February 21, 2020."
Capital Plan 2010 - 2014,amendment #7,approved by the MTA Board,2024-10-30,,31.561,28.909,155486,"p4: Subject MTA 2010-2014 Capital Program Amendment #7 Date October 30, 2024 | p4: This amendment reduces the existing p rogram amount from $31.704 billion to $31.561 billion. Board approval is also requested to send the $28.909 billion Capital Program Review Board (CPRB) portion of this amendment,"
Capital Plan 2015 - 2019,proposed 2014-09,vetoed by the CPRB,2014-09,,32.046,28.990,156256,"p4: The original $32.046 billion MTA 2015-2019 Capital Program, which included $28.990 billion for CPRB agencies and $3.056 billion for the self-funded B&T program, was approved by the MTA Board in September 2014. | p4: That program was vetoed by the CPRB without prejudice in October 2014."
Capital Plan 2015 - 2019,adopted,approved,2016-04-20,2016-05-23,29.456,26.600,156256,"p4: On April 20, 2016, the Board approved the proposed $29.456 billion capital program, including $2.856 billion for B&T. The CPRB approved the $26.600 billion CPRB portion on May 23, 2016."
Capital Plan 2015 - 2019,amendment #1,approved,2017-02,2017-03,29.575,26.719,156256,"p4: In February 2017, the MTA Board approved an amendment (amendment #1) to this Capital Program adding +$399 million in station investments. | p4: This amendment was approved by the CPRB in March of 2017 with the CPRB portion of the program increasing to $26.719 billion and the full program value increasing from $29.456 billion to $29.575 billion."
Capital Plan 2015 - 2019,amendment #2,approved,2017-05,2017-07,32.457,29.517,156256,"p4: In May 2017, the MTA Board approved an amendment (amendment #2) to increase the total Capital Program from $29.575 billion to $32.457 billion. The CPRB portion of the program increased from $26.719 billion to $29.517 billion. | p5: The CPRB portion was deemed approved in July 2017."
Capital Plan 2015 - 2019,amendment #3,approved,2018-04-25,2018-05-31,33.270,30.334,156256,"p5: On April 25, 2018, the MTA Board approved an amendment (amendment #3) to the program, increasing it from $32.457 billion to $33.270 billion. The CPRB portion of the program increased from $29.517 billion to $30.334 billion | p5: The CPRB portion of the amendment was deemed approved on May 31, 2018."
Capital Plan 2015 - 2019,amendment #4,approved,2019-09-25,2020-02-21,33.913,30.977,156256,"p5: On September 25, 2019, the MTA Board approved an amendment (amendment #4) to the program, increasing the overall 2015-2019 Capital Program from $33.270 billion to $33.913 billion. The CPRB portion of the program increased from $30.334 billion to $30.977 billion | p5: The CPRB portion of the amendment was deemed approved on February 21, 2020."
Capital Plan 2015 - 2019,amendment #5 (funding only),approved,2023-06-27,2023-07-31,33.913,30.977,156256,"p5: On June 27, 2023, the MTA Board approved a funding-only amendment (amendment #5) | p5: There were no budget changes to the project or to the program | p5: The CPRB portion of the amendment was deemed approved on July 31, 2023."
Capital Plan 2015 - 2019,amendment #6,approved,2024-10-30,2024-12-09,33.619,30.948,156256,"p1: As Approved by the MTA Board October 30, 2024 As Approved by the CPRB December 9, 2024 | p6: The proposed amendment (amendment #6) decreases the overall 2015-2019 Capital Program from $33.913 billion to $33.619 billion. The CPRB portion of the program decreases from $30.977 billion to $30.948 billion"
Capital Plan 2020 - 2024,adopted,approved by the MTA Board,2019-09-25,,54.799,51.472,193401,"p12: The original $54.799 billion MTA 2020-2024 Capital Program included $51.472 billion for CPRB agencies and $3.327 billion for the self-funded Bridges and Tunnels (B&T) program, which is not subject to CPRB approval, was approved by the MTA Board on September 25, 2019."
Capital Plan 2020 - 2024,amendment #1,approved,2021-12-15,2021-12-23,55.334,52.007,193401,"p12: On December 15, 2021, the MTA Board approved a letter amendment (Amendment #1) | p12: This amendment increased the Capital Program by $535 million from $54.799 billion to $55.334 billion, the CPRB portion increased from $51.472 billion to $52.007 billion. | p12: The CPRB approved this amendment on December 23, 2021."
Capital Plan 2020 - 2024,amendment #2,approved,2022-07-27,2022-08-30,55.442,,193401,"p12: On July 27, 2022, the MTA Board approved an amendment (Amendment #2) to the 2020-2024 Capital Program. The amendment increased the Capital Program by $108 million from $55.334 billion to $55.442 billion. | p12: The CPRB approved this amendment on August 30, 2022."
Capital Plan 2020 - 2024,amendment #3,approved,2023-06-27,2023-07-31,55.442,52.116,193401,"p12: On June 27, 2023, the MTA Board approved an amendment (Amendment #3) to the 2020-2024 Capital Program. Amendment #3 moved $878 million from “core” CPRB agencies to Network Expansion, with $678 million going to Second Avenue Subway Phase 2 (“SAS2”) and $200 million going to the Penn Station Access project. | p12: The CPRB approved this amendment on July 31, 2023. | p13: $66.3 million more than the July 2023 CPRB total of $52.116 billion. The overall program, including B&T, is now $55.432 billion, $10.2 million less than the $55.442 billion total program of July 2023."
Capital Plan 2020 - 2024,amendment #4 (letter),approved,2024-10-30,2024-12-09,,,193401,"p13: On October 30, 2024, the MTA Board approved a letter amendment (Amendment #4) to the 2020-2024 Capital Program. This amendment only impacted Network Expansion budgets, increasing the Network Expansion budget from $10.291 billion to $10.412 billion. | p13: increasing the overall size of the plan by $120.1 million. The amendment was deemed approved by the CPRB on December 9, 2024."
Capital Plan 2020 - 2024,amendment #5,approved,2025-10-29,2025-12-02,55.432,52.182,193401,"p3: As Approved by the MTA Board October 29, 2025 As Approved by the CPRB December 2, 2025 | p13: The CPRB portion of the program is now $52.182 billion | p13: The overall program, including B&T, is now $55.432 billion,"
Capital Plan 2025 - 2029,proposed 2024-09,vetoed by the CPRB,2024-09-25,,68.4,65.4,174176,"p3: The 2025-29 Capital Plan was originally approved by the MTA Board on September 25, 2024 and subsequently submitted to the CPRB. CPRB appointees representing the New York State Senate and the New York State Assembly vetoed the plan on December 24, 2024"
Capital Plan 2025 - 2029,resubmitted,approved by the MTA Board,2025-05-28,,68.4,65.4,174176,"p3: Date May 28, 2025 | p3: To obtain MTA Board approval of the proposed $68.4 billion MTA 2025-2029 Capital Plan presented herein and to authorize the MTA to re-submit the $65.4 billion Capital Program Review Board (CPRB) portion of it to the CPRB | p3: The Plan remains the same overall size as the September 2024 submission"
