line_id,network,title,labels,basis,evidence,status
brighton,subway,\bBRIGHTON\b,Broadway - Brighton@Bk|Sea Beach / West End / Culver / Brighton,"review: the Brighton line is the Brooklyn part of the station list's 'Broadway - Brighton' label, with Coney Island","MTA Subway Stations (39hk-dx4f): line 'Broadway - Brighton' (19 Brooklyn, 9 Manhattan stations, routes B Q), 'Sea Beach / West End / Culver / Brighton' (Coney Island-Stillwell Av)",draft
culver,subway,\bCULVER\b,6th Av - Culver@Bk|Sea Beach / West End / Culver / Brighton,"review: the Culver line is the Brooklyn part of the station list's '6th Av - Culver' label, with Coney Island","MTA Subway Stations (39hk-dx4f): line '6th Av - Culver' (19 Brooklyn, 12 Manhattan stations, routes F G)",draft
west-end,subway,\bWEST END\b,West End|Sea Beach / West End / Culver / Brighton,review: the station list's label of that name,"MTA Subway Stations (39hk-dx4f): line 'West End' (12 Brooklyn stations, route D)",draft
sea-beach,subway,\bSEA BEACH\b,Sea Beach|Sea Beach / West End / Culver / Brighton,review: the station list's label of that name,"MTA Subway Stations (39hk-dx4f): line 'Sea Beach' (9 Brooklyn stations, route N)",draft
4th-av,subway,\b4(TH)? AV(E|ENUE)?\b,4th Av,review: the station list's label of that name,"MTA Subway Stations (39hk-dx4f): line '4th Av' (13 Brooklyn stations, routes D N R)",draft
canarsie,subway,\bCANARSIE\b,Canarsie,review: the station list's label of that name,MTA Subway Stations (39hk-dx4f): line 'Canarsie' (route L),draft
myrtle,subway,\bMYRTLE\b,Myrtle Av,review: the station list's label of that name,MTA Subway Stations (39hk-dx4f): line 'Myrtle Av' (route M),draft
jamaica,subway,\bJAMAICA\b,Jamaica,review: the station list's label of that name (the J and Z line; Jamaica the place is not a subway line title),MTA Subway Stations (39hk-dx4f): line 'Jamaica' (routes J Z M),draft
liberty,subway,\bLIBERTY\b,Liberty Av,review: the station list's label of that name,MTA Subway Stations (39hk-dx4f): line 'Liberty Av' (route A),draft
rockaway,subway,\bROCKAWAY\b,Rockaway,review: the station list's label of that name,"MTA Subway Stations (39hk-dx4f): line 'Rockaway' (14 Queens stations, routes A S)",draft
flushing,subway,\bFLUSHING\b,Flushing,review: the station list's label of that name,MTA Subway Stations (39hk-dx4f): line 'Flushing' (route 7),draft
astoria,subway,\bASTORIA\b,Astoria,review: the station list's label of that name,MTA Subway Stations (39hk-dx4f): line 'Astoria' (routes N W),draft
lenox-wpr,subway,\bLENOX\b,Lenox - White Plains Rd,review: the station list's label of that name (Lenox and White Plains Road together),"MTA Subway Stations (39hk-dx4f): line 'Lenox - White Plains Rd' (20 Bronx, 6 Manhattan stations, routes 2 3 5)",draft
white-plains-rd,subway,\b(WHITE PLAINS (RD|ROAD)|WPR)\b,Lenox - White Plains Rd@Bx,review: the White Plains Road line is the Bronx part of the station list's 'Lenox - White Plains Rd' label,"MTA Subway Stations (39hk-dx4f): line 'Lenox - White Plains Rd' (20 Bronx, 6 Manhattan stations, routes 2 3 5)",draft
eastern-pky,subway,\bEASTERN (PKY|PKWY|PARKWAY)\b,Eastern Pky,review: the station list's label of that name,"MTA Subway Stations (39hk-dx4f): line 'Eastern Pky' (18 Brooklyn stations, routes 2 3 4 5)",draft
nostrand,subway,\bNOSTRAND\b,Nostrand,review: the station list's label of that name,MTA Subway Stations (39hk-dx4f): line 'Nostrand' (routes 2 5),draft
jerome,subway,\bJEROME\b,Jerome Av,review: the station list's label of that name,"MTA Subway Stations (39hk-dx4f): line 'Jerome Av' (14 Bronx stations, routes 4 5)",draft
concourse,subway,\bCONCOURSE\b,Concourse,review: the station list's label of that name,MTA Subway Stations (39hk-dx4f): line 'Concourse' (routes B D),draft
pelham,subway,\bPELHAM\b,Pelham,review: the station list's label of that name,"MTA Subway Stations (39hk-dx4f): line 'Pelham' (18 Bronx stations, route 6)",draft
dyre,subway,\bDYRE\b,Dyre Av,review: the station list's label of that name,"MTA Subway Stations (39hk-dx4f): line 'Dyre Av' (5 Bronx stations, route 5)",draft
lexington,subway,\bLEXINGTON\b,Lexington Av,review: the station list's label of that name,"MTA Subway Stations (39hk-dx4f): line 'Lexington Av' (23 Manhattan stations, routes 4 5 6)",draft
broadway-7av,subway,\bBROADWAY ?-? ?7(TH)? ?AV(E|ENUE)?\b,Broadway - 7Av,review: the station list's label of that name,MTA Subway Stations (39hk-dx4f): line 'Broadway - 7Av' (routes 1 2 3),draft
broadway,subway,\bBROADWAY\b(?! ?(-|JUNCTION|JCT))(?! ?-? ?7),Broadway|Broadway - Brighton@M,review: the Broadway line is the station list's 'Broadway' label and the Manhattan part of 'Broadway - Brighton',"MTA Subway Stations (39hk-dx4f): line 'Broadway' (routes R W), 'Broadway - Brighton' (9 Manhattan stations, routes N Q R W)",draft
8th-av-fulton,subway,\b8(TH)? AV(E|ENUE)? ?- ?FULTON\b,8th Av - Fulton St,"review: the station list's label of that name, both parts (titles name it '8th Ave-Fulton')","MTA Subway Stations (39hk-dx4f): line '8th Av - Fulton St' (30 Manhattan, 16 Brooklyn stations, routes A C)",draft
8th-av,subway,\b8(TH)? AV(E|ENUE)?\b,8th Av - Fulton St@M,review: the 8th Avenue line is the Manhattan part of the station list's '8th Av - Fulton St' label,"MTA Subway Stations (39hk-dx4f): line '8th Av - Fulton St' (30 Manhattan, 16 Brooklyn stations, routes A C E)",draft
fulton,subway,\bFULTON\b,8th Av - Fulton St@Bk,review: the Fulton Street line is the Brooklyn part of the station list's '8th Av - Fulton St' label,"MTA Subway Stations (39hk-dx4f): line '8th Av - Fulton St' (30 Manhattan, 16 Brooklyn stations, routes A C)",draft
6th-av,subway,\b6(TH)? AV(E|ENUE)?\b,6th Av - Culver@M,review: the 6th Avenue line is the Manhattan part of the station list's '6th Av - Culver' label,"MTA Subway Stations (39hk-dx4f): line '6th Av - Culver' (12 Manhattan stations, routes B D F M)",draft
queens-blvd,subway,\bQUEENS (BLVD|BOULEVARD)\b,Queens Blvd,review: the station list's label of that name,MTA Subway Stations (39hk-dx4f): line 'Queens Blvd' (routes E F M R),draft
archer,subway,\bARCHER\b,Queens - Archer,review: the station list's label of that name,MTA Subway Stations (39hk-dx4f): line 'Queens - Archer' (routes E J Z),draft
crosstown,subway,\bCROSSTOWN\b,Crosstown,review: the station list's label of that name,MTA Subway Stations (39hk-dx4f): line 'Crosstown' (route G),draft
63rd-st,subway,\b63(RD)? ST(REET)?\b,63rd St,review: the station list's label of that name,MTA Subway Stations (39hk-dx4f): line '63rd St' (routes F M Q),draft
second-av,subway,\b(SECOND|2ND) AV(E|ENUE)?\b,Second Av,review: the station list's label of that name (the opened first phase),"MTA Subway Stations (39hk-dx4f): line 'Second Av' (3 Manhattan stations, route Q)",draft
franklin,subway,\bFRANKLIN\b,Franklin Shuttle,review: the station list's label of that name,MTA Subway Stations (39hk-dx4f): line 'Franklin Shuttle' (3 Brooklyn stations),draft
staten-island,sir,.,Staten Island,review: Staten Island Railway work that names no station serves the railway's stations,"MTA Subway Stations (39hk-dx4f): line 'Staten Island' (21 stations, route SIR)",draft
hudson,MNR,\bHUDSON LINE\b,Hudson,review: Metro-North's branch of that name in its station list,"MTA Rail Stations (wxmd-5cpm): railroad MNR, branch 'Hudson'",draft
harlem,MNR,\bHARLEM LINE\b,Harlem,review: Metro-North's branch of that name in its station list,"MTA Rail Stations (wxmd-5cpm): railroad MNR, branch 'Harlem'",draft
new-haven,MNR,\bNEW HAVEN LINE\b,New Haven,review: Metro-North's branch of that name in its station list,"MTA Rail Stations (wxmd-5cpm): railroad MNR, branch 'New Haven'",draft
west-of-hudson,outside,\b(WEST OF HUDSON|WOH|PORT JERVIS|PT JERVIS|PASCACK)\b,,review: Metro-North's West of Hudson service (Port Jervis and Pascack Valley lines) has no station in the city; its station list does not include them,MTA Rail Stations (wxmd-5cpm) lists no Port Jervis or Pascack Valley station; the title names the service,draft
lirr-branch,LIRR,\b(PORT WASHINGTON|PORT JEFFERSON|MONTAUK|BABYLON|FAR ROCKAWAY|OYSTER BAY|HEMPSTEAD|WEST HEMPSTEAD|RONKONKOMA|LONG BEACH|GREENPORT|BELMONT) BRANCH\b,,review: the LIRR branch the title names (labels are the matched branch),"MTA Rail Stations (wxmd-5cpm): railroad LIRR, branch named in the title",draft
