acep,sequence,verdict,station_id,evidence
T5080312,1,unclear,,"wcsa-vkhf point 40.68019, -73.99489 is 18 m from Carroll St (6th Av - Culver) in MTA Subway Stations (39hk-dx4f), 1.2 km from 4 Av-9 St; 'Interlocking 4th Avenue - Culver Line' may name an interlocking north of the station, which the record does not place."
T60412A3,1,wrong,,"wcsa-vkhf point 40.68881, -73.90403 is 5 m from Wilson Av (Canarsie) in 39hk-dx4f; 'Component Repairs At Morgan Avenue Station On The Canarsie Line (Sbmp)' names only Morgan Av, which the ACEP's other point (sequence 2) marks."
T6070333,1,right,,"wcsa-vkhf point 40.71370, -73.97262 lies on the Williamsburg Bridge, which 'Overcoat Painting At Williamsburg Bridge And Myrtle Avenue On The Jamaica Line' names."
T6080651,1,right,,"wcsa-vkhf point 40.74839, -73.87678 is 14 m from 90 St-Elmhurst Av (Flushing) in 39hk-dx4f, which 'Help Point At 90th, 103rd, And 111th Street Stations' names."
T7041264,1,unclear,,"wcsa-vkhf point 40.70834, -73.80051 is 252 m from Parsons Blvd and 1.5 km from Jamaica-179 St (Queens Blvd) in 39hk-dx4f; a ventilator can stand between stations, and the record does not say where."
T7041338,1,wrong,215,"wcsa-vkhf point 40.62915, -73.96162 is 13 m from Avenue H (Broadway - Brighton) in 39hk-dx4f, 25 km from the station 'ADA Accessibility At Tremont Avenue On The Concourse Line' names: Tremont Av (Concourse, station 215, B D)."
T7070311,1,right,,"wcsa-vkhf point 40.70311, -73.94610 is 139 m from Lorimer St (Jamaica) in 39hk-dx4f, on the Jamaica line structure between the Williamsburg Bridge and Myrtle Av that 'Overcoat Painting And Steel Repair At Williamsburg Bridge At Myrtle Avenue' covers."
T7070311,2,right,,"wcsa-vkhf point 40.71341, -73.97159 lies on the Williamsburg Bridge, which the title names."
T7070337,1,right,,"wcsa-vkhf point 40.72375, -73.96713 lies under the East River between 1 Av and Bedford Av (Canarsie), on the line structure 'Line Structure Component Repairs At 1st Avenue And Bedford Avenue On The Canarsie Line' names."
T7080631,1,right,,"wcsa-vkhf point 40.84057, -73.87977 is 38 m from West Farms Sq-E Tremont Av (Lenox - White Plains Rd) in 39hk-dx4f, which 'Help Point At Pelham Parkway And East Tremont Avenue Stations' names."
T7090221,1,right,,"wcsa-vkhf point 40.72941, -73.97801 is at Avenue B and E 14 St, 350 m from 1 Av (Canarsie) in 39hk-dx4f, where 'New Substation At 14 Street-Avenue B' puts it (read as 14 St-Union Sq by the check)."
T8041213,1,unclear,,"wcsa-vkhf gives 5 points for 'Station Components: Main Street On The Flushing Line': Flushing-Main St (sequence 3) and 111 St, 40 St-Lowery St, Junction Blvd, 90 St-Elmhurst Av (Flushing) in 39hk-dx4f. The title names one station; the points may be a package's. Kept until an MTA record says which."
T8041213,2,unclear,,"See T8041213 sequence 1: wcsa-vkhf point 40.74380, -73.92418 is 14 m from 40 St-Lowery St (Flushing)."
T8041213,4,unclear,,"See T8041213 sequence 1: wcsa-vkhf point 40.74915, -73.86963 is 9 m from Junction Blvd (Flushing)."
T8041213,5,unclear,,"See T8041213 sequence 1: wcsa-vkhf point 40.74839, -73.87678 is 14 m from 90 St-Elmhurst Av (Flushing)."
T8050290,1,wrong,18,"wcsa-vkhf point 40.82962, -73.92118 is in the Bronx, 422 m from 161 St-Yankee Stadium in 39hk-dx4f, 14 km from the place 'Mainline Track Replacement 2023 / Broadway (Canal St)' names: Canal St on the Broadway line (station 18, R W)."
T8050290,2,wrong,,"wcsa-vkhf point 40.87696, -73.88424 is in the Bronx, 312 m from Mosholu Pkwy (Jerome Av) in 39hk-dx4f, 20 km from Canal St on the Broadway line, which the title names (replaced once, see sequence 1)."
T8090238,1,right,,"wcsa-vkhf point 40.72941, -73.97801 is at Avenue B and E 14 St, where 'New Substation At 14 Street-Avenue B On The Canarsie Line (Additional Costs)' puts it (read as 14 St-Union Sq by the check)."
