mega_project,plan,kind,plans,as_of_plan,as_of_step,amount,other_funds,document,quote,note
East Side Access,Capital Plan 1995 - 1999,plan,,Capital Plan 2010 - 2014,adopted,157.7,,10756,p92: The 1995-1999 Capital Program included $157.7 million to fund preliminary engineering,
East Side Access,Capital Plan 2000 - 2004,plan,,Capital Plan 2010 - 2014,adopted,1500,33.5,10756,p92: The 2000-2004 Capital Program included $1.5 billion of ESA funds and $33.5 million in non- ESA funds,"other_funds: money for the project funded outside its own budget in that plan, as the book states"
East Side Access,,total,"1995-1999, 2000-2004, 2005-2009",Capital Plan 2010 - 2014,adopted,4374,,10756,"p93: Funds totaling $4.374 billion have been allocated in the MTA’s 1995-1999, 2000-2004 and 2005-2009 Capital Programs.",includes the other funds
East Side Access,Capital Plan 1995 - 1999,plan,,Capital Plan 2015 - 2019,adopted,157.7,,ia-2015-19-adopted-2016,p146: The 1995-1999 Capital Program included $157.7 million to fund preliminary engineering,
East Side Access,Capital Plan 2000 - 2004,plan,,Capital Plan 2015 - 2019,adopted,1500,33.5,ia-2015-19-adopted-2016,p146: The 2000-2004 Capital Program included $1.5 billion of ESA funds and $33.5 million in non-ESA funds,"other_funds: money for the project funded outside its own budget in that plan, as the book states"
East Side Access,Capital Plan 2005 - 2009,plan,,Capital Plan 2015 - 2019,adopted,2672,10.5,ia-2015-19-adopted-2016,p147: The 2005-2009 Capital Program contains $2.672 billion in ESA funds and $10.5 million funded directly in the LIRR capital program,"other_funds: money for the project funded outside its own budget in that plan, as the book states"
East Side Access,Capital Plan 2010 - 2014,plan,,Capital Plan 2015 - 2019,adopted,3232,,ia-2015-19-adopted-2016,p147: The 2010-2014 Capital Program contains $3.232 billion in ESA funds,
East Side Access,,total,"1995-1999, 2000-2004, 2005-2009, 2010-2014",Capital Plan 2015 - 2019,adopted,7606,,ia-2015-19-adopted-2016,"p148: Funds totaling $7.606 billion have been allocated in the MTA’s 1995-1999, 2000-2004, 2005-2009, and 2010-2014 Capital Programs.",includes the other funds
East Side Access,,total,all,Capital Plan 2015 - 2019,amendment #4,10335,,16641,"p79: Therefore, ESA’s total budget of $10.335 billion, across several capital programs, remains unchanged.","every plan, 2015-2019 included, after Amendment #4"
Second Avenue Subway Phase I,Capital Plan 2000 - 2004,plan,,Capital Plan 2010 - 2014,adopted,1050,,10756,p89: The 2000-2004 Capital Program included $1.05 billion to complete planning and environmental studies,
Second Avenue Subway Phase I,Capital Plan 2005 - 2009,plan,,Capital Plan 2010 - 2014,adopted,1914,,10756,p89: The 2005-2009 Capital Program contains $1. 914 billion to continue Phase 1 construction.,printed with a space after the decimal point
Second Avenue Subway Phase I,,total,"2000-2004, 2005-2009",Capital Plan 2010 - 2014,adopted,2964,,10756,p90: Funds totaling $2.964 billion have been allocated in the MTA’s 2000-2004 and 2005-2009 Capital Programs.,
