plan,prior_step,prior_label,step,line,line_key,mega_project,earlier_plans,prior,proposed,document,quote,note
Capital Plan 2010 - 2014,,,adopted,Second Avenue Subway (Phase I),Second Avenue Subway Phase I,Second Avenue Subway Phase I,2964,,1487,10756,"p86: Second Avenue Subway (Phase I) $2,964 $1,487 $4,451",the approved book; earlier_plans is its Funding In Prior Capital Program(s) column
Capital Plan 2010 - 2014,,,adopted,East Side Access,East Side Access,East Side Access,4374,,2954,10756,"p86: East Side Access 4,374 2,954 7,328",the approved book; earlier_plans is its Funding In Prior Capital Program(s) column
Capital Plan 2010 - 2014,,,adopted,Regional Investments,regional investments,,0,,401,10756,p86: Regional Investments 0 401 401,the approved book; earlier_plans is its Funding In Prior Capital Program(s) column
Capital Plan 2010 - 2014,,,adopted,ESA Rolling Stock and Liability Reserve,esa reserve,,0,,697,10756,p86: ESA Rolling Stock and Liability Reserve 0 697 697,the approved book; earlier_plans is its Funding In Prior Capital Program(s) column
Capital Plan 2010 - 2014,,,adopted,Miscellaneous,miscellaneous,,91,,200,10756,p86: Miscellaneous 91 200 291,the approved book; earlier_plans is its Funding In Prior Capital Program(s) column
Capital Plan 2010 - 2014,,,adopted,Total,total,,7429,,5739,10756,"p86: Total $7,429 $5,739 $13,168",the approved book; earlier_plans is its Funding In Prior Capital Program(s) column
Capital Plan 2010 - 2014,amendment 2012-12 (Sandy restoration),December 2012 Approved Plan,amendment 2013-07 (Sandy mitigation),East Side Access,East Side Access,East Side Access,,2954.0,3154.0,2291,"p55: East Side Access $2,954.0 $2,954.0 $3,154.0 $200.0",
Capital Plan 2010 - 2014,amendment 2012-12 (Sandy restoration),December 2012 Approved Plan,amendment 2013-07 (Sandy mitigation),Second Avenue Subway,Second Avenue Subway Phase I,Second Avenue Subway Phase I,,1487.1,1487.1,2291,"p55: Second Avenue Subway 1,487.1 1,487.1 1,487.1 0.0",
Capital Plan 2010 - 2014,amendment 2012-12 (Sandy restoration),December 2012 Approved Plan,amendment 2013-07 (Sandy mitigation),Regional Investments,regional investments,,,401.0,448.4,2291,p55: Regional Investments 401.0 401.0 448.4 47.4,
Capital Plan 2010 - 2014,amendment 2012-12 (Sandy restoration),December 2012 Approved Plan,amendment 2013-07 (Sandy mitigation),ESA Rolling Stock and Liability Reserve,esa reserve,,,697.0,635.8,2291,p55: ESA Rolling Stock and Liability Reserve 697.0 697.0 635.8 (61.2),
Capital Plan 2010 - 2014,amendment 2012-12 (Sandy restoration),December 2012 Approved Plan,amendment 2013-07 (Sandy mitigation),Miscellaneous,miscellaneous,,,200.0,140.0,2291,p55: Miscellaneous 200.0 200.0 140.0 (60.0),
Capital Plan 2010 - 2014,amendment 2012-12 (Sandy restoration),December 2012 Approved Plan,amendment 2013-07 (Sandy mitigation),Network Expansion Total,total,,,5739.2,5865.4,2291,"p55: Network Expansion Total $5,739.2 $5,739.2 $5,865.4 $126.2",
Capital Plan 2010 - 2014,amendment 2014-07,July 2014 Approved Program,amendment 2017-05,East Side Access,East Side Access,East Side Access,,3154.0,3501.6,10781,"p56: East Side Access $3,154.0 $3,501.6 $347.6",
Capital Plan 2010 - 2014,amendment 2014-07,July 2014 Approved Program,amendment 2017-05,Second Avenue Subway,Second Avenue Subway Phase I,Second Avenue Subway Phase I,,1487.1,1487.1,10781,"p56: Second Avenue Subway 1,487.1 1,487.1 0.0",
Capital Plan 2010 - 2014,amendment 2014-07,July 2014 Approved Program,amendment 2017-05,Regional Investments,regional investments,,,448.4,565.3,10781,p56: Regional Investments 448.4 565.3 116.9,
Capital Plan 2010 - 2014,amendment 2014-07,July 2014 Approved Program,amendment 2017-05,ESA Rolling Stock/Liability Reserve,esa reserve,,,635.8,635.8,10781,p56: ESA Rolling Stock/Liability Reserve 635.8 635.8 0.0,
Capital Plan 2010 - 2014,amendment 2014-07,July 2014 Approved Program,amendment 2017-05,Miscellaneous,miscellaneous,,,140.0,139.2,10781,p56: Miscellaneous 140.0 139.2 (0.8),
Capital Plan 2010 - 2014,amendment 2014-07,July 2014 Approved Program,amendment 2017-05,Capital Construction Company Total,total,,,5865.4,6329.0,10781,"p56: Capital Construction Company Total $5,865.4 $6,329.0 $463.6",
Capital Plan 2010 - 2014,amendment 2017-05,July 2017 Approved Program,amendment 2019-09,East Side Access,East Side Access,East Side Access,,3501.6,3192.9,10626,"p25: East Side Access $3,501.6 $3,192.9 ($308.7)",as proposed; Amendment #7's prior column (Sept. 2019 Approved) prints the same values
Capital Plan 2010 - 2014,amendment 2017-05,July 2017 Approved Program,amendment 2019-09,Second Avenue Subway Phase 1,Second Avenue Subway Phase I,Second Avenue Subway Phase I,,1487.1,1607.9,10626,"p25: Second Avenue Subway Phase 1 1,487.1 1,607.9 120.8",as proposed; Amendment #7's prior column (Sept. 2019 Approved) prints the same values
Capital Plan 2010 - 2014,amendment 2017-05,July 2017 Approved Program,amendment 2019-09,Regional Investments,regional investments,,,565.3,397.8,10626,p25: Regional Investments 565.3 397.8 (167.5),as proposed; Amendment #7's prior column (Sept. 2019 Approved) prints the same values
Capital Plan 2010 - 2014,amendment 2017-05,July 2017 Approved Program,amendment 2019-09,ESA Rolling Stock/Liability Reserve,esa reserve,,,635.8,566.8,10626,p25: ESA Rolling Stock/Liability Reserve 635.8 566.8 (69.0),as proposed; Amendment #7's prior column (Sept. 2019 Approved) prints the same values
Capital Plan 2010 - 2014,amendment 2017-05,July 2017 Approved Program,amendment 2019-09,Miscellaneous,miscellaneous,,,139.2,95.9,10626,p25: Miscellaneous 139.2 95.9 (43.3),as proposed; Amendment #7's prior column (Sept. 2019 Approved) prints the same values
Capital Plan 2010 - 2014,amendment 2017-05,July 2017 Approved Program,amendment 2019-09,MTA Capital Construction Company Total,total,,,6329.0,5861.3,10626,"p25: MTA Capital Construction Company Total $6,329.0 $5,861.3 ($467.7)",as proposed; Amendment #7's prior column (Sept. 2019 Approved) prints the same values
Capital Plan 2010 - 2014,amendment 2019-09,Sept. 2019 Approved Program,amendment #7,East Side Access,East Side Access,East Side Access,,3192.9,3192.9,156271,"p20: East Side Access $3,192.9 $3,192.9 $0.0",
Capital Plan 2010 - 2014,amendment 2019-09,Sept. 2019 Approved Program,amendment #7,Second Avenue Subway Phase 1,Second Avenue Subway Phase I,Second Avenue Subway Phase I,,1607.9,1609.9,156271,"p20: Second Avenue Subway Phase 1 1,607.9 $1,609.9 1.9",
Capital Plan 2010 - 2014,amendment 2019-09,Sept. 2019 Approved Program,amendment #7,Regional Investments,regional investments,,,397.8,397.8,156271,p20: Regional Investments 397.8 397.8 0.0,
Capital Plan 2010 - 2014,amendment 2019-09,Sept. 2019 Approved Program,amendment #7,ESA Rolling Stock/Liability Reserve,esa reserve,,,566.8,559.8,156271,p20: ESA Rolling Stock/Liability Reserve 566.8 559.8 (7.1),
Capital Plan 2010 - 2014,amendment 2019-09,Sept. 2019 Approved Program,amendment #7,Miscellaneous,miscellaneous,,,95.9,100.9,156271,p20: Miscellaneous 95.9 100.9 5.1,
Capital Plan 2010 - 2014,amendment 2019-09,Sept. 2019 Approved Program,amendment #7,MTA Network Expansion Total,total,,,5861.3,5861.3,156271,"p20: MTA Network Expansion Total $5,861.3 $5,861.3 $0.0",
Capital Plan 2015 - 2019,amendment #3,Approved Program,amendment #4,East Side Access,East Side Access,East Side Access,,2709.8,2820.5,16641,"p78: East Side Access $2,709.8 $2,820.5 $110.7",
Capital Plan 2015 - 2019,amendment #3,Approved Program,amendment #4,Second Avenue Subway Phase 2,Second Avenue Subway Phase II,Second Avenue Subway Phase II,,1735.0,1735.0,16641,"p78: Second Avenue Subway Phase 2 1,735.0 1,735.0 0.0",
Capital Plan 2015 - 2019,amendment #3,Approved Program,amendment #4,Penn Station Access,Penn Station Access,Penn Station Access,,695.0,452.0,16641,p78: Penn Station Access 695.0 452.0 (243.0),
Capital Plan 2015 - 2019,amendment #3,Approved Program,amendment #4,LIRR Expansion Project,LIRR Expansion Project,LIRR Expansion Project,,2050.0,2050.0,16641,"p78: LIRR Expansion Project 2,050.0 2,050.0 0.0",
Capital Plan 2015 - 2019,amendment #3,Approved Program,amendment #4,Regional Investments,regional investments,,,203.1,203.1,16641,p78: Regional Investments 203.1 203.1 0.0,
Capital Plan 2015 - 2019,amendment #3,Approved Program,amendment #4,ESA Risk Reserve,esa reserve,,,131.0,131.0,16641,p78: ESA Risk Reserve 131.0 131.0 0.0,
Capital Plan 2015 - 2019,amendment #3,Approved Program,amendment #4,Miscellaneous/Administration,miscellaneous,,,128.5,128.5,16641,p78: Miscellaneous/Administration 128.5 128.5 0.0,
Capital Plan 2015 - 2019,amendment #3,Approved Program,amendment #4,Total MTA Capital Construction Program,total,,,7652.4,7520.0,16641,"p78: Total MTA Capital Construction Program $7,652.4 $7,520.0 ($132.3)",
Capital Plan 2015 - 2019,amendment #4,Approved Program,amendment #6,East Side Access,East Side Access,East Side Access,,2820.5,2820.5,156256,"p22: East Side Access $2,820.5 $2,820.5 $0.0",
Capital Plan 2015 - 2019,amendment #4,Approved Program,amendment #6,Second Avenue Subway Phase 2,Second Avenue Subway Phase II,Second Avenue Subway Phase II,,1735.0,1735.0,156256,"p22: Second Avenue Subway Phase 2 1,735.0 1,735.0 0.0",
Capital Plan 2015 - 2019,amendment #4,Approved Program,amendment #6,Penn Station Access,Penn Station Access,Penn Station Access,,452.0,430.5,156256,p22: Penn Station Access 452.0 430.5 (21.5),
Capital Plan 2015 - 2019,amendment #4,Approved Program,amendment #6,LIRR Expansion Project,LIRR Expansion Project,LIRR Expansion Project,,2050.0,2050.0,156256,"p22: LIRR Expansion Project 2,050.0 2,050.0 0.0",
Capital Plan 2015 - 2019,amendment #4,Approved Program,amendment #6,Regional Investments,regional investments,,,203.1,203.1,156256,p22: Regional Investments 203.1 203.1 0.0,
Capital Plan 2015 - 2019,amendment #4,Approved Program,amendment #6,East Side Access Risk Reserve,esa reserve,,,131.0,131.0,156256,p22: East Side Access Risk Reserve 131.0 131.0 0.0,
Capital Plan 2015 - 2019,amendment #4,Approved Program,amendment #6,Miscellaneous/Administration,miscellaneous,,,128.5,137.0,156256,p22: Miscellaneous/Administration 128.5 137.0 8.5,
Capital Plan 2015 - 2019,amendment #4,Approved Program,amendment #6,Total MTA Network Expansion Program,total,,,7520.0,7507.0,156256,"p22: Total MTA Network Expansion Program $7,520.0 $7,507.0 ($13.0)",
Capital Plan 2020 - 2024,adopted,December 2019 Approved Program,amendment #2,East Side Access,East Side Access,East Side Access,,798.2,798.2,91711,p81: East Side Access $798.2 $798.2 $0.0,draft as proposed; includes Amendment #1 (a letter amendment); Amendment #3's prior column (July 2022 Approved) prints the same values
Capital Plan 2020 - 2024,adopted,December 2019 Approved Program,amendment #2,Second Avenue Subway Phase 2,Second Avenue Subway Phase II,Second Avenue Subway Phase II,,4555.0,4555.0,91711,"p81: Second Avenue Subway Phase 2 4,555.0 4,555.0 0.0",draft as proposed; includes Amendment #1 (a letter amendment); Amendment #3's prior column (July 2022 Approved) prints the same values
Capital Plan 2020 - 2024,adopted,December 2019 Approved Program,amendment #2,Penn Station Access,Penn Station Access,Penn Station Access,,1131.1,2748.7,91711,"p81: Penn Station Access 1,131.1 2,748.7 1,617.6",draft as proposed; includes Amendment #1 (a letter amendment); Amendment #3's prior column (July 2022 Approved) prints the same values
Capital Plan 2020 - 2024,adopted,December 2019 Approved Program,amendment #2,LIRR Expansion Project,LIRR Expansion Project,LIRR Expansion Project,,538.5,438.5,91711,p81: LIRR Expansion Project 538.5 438.5 (100.0),draft as proposed; includes Amendment #1 (a letter amendment); Amendment #3's prior column (July 2022 Approved) prints the same values
Capital Plan 2020 - 2024,adopted,December 2019 Approved Program,amendment #2,Regional Investments,regional investments,,,540.5,540.5,91711,p81: Regional Investments 540.5 540.5 0.0,draft as proposed; includes Amendment #1 (a letter amendment); Amendment #3's prior column (July 2022 Approved) prints the same values
Capital Plan 2020 - 2024,adopted,December 2019 Approved Program,amendment #2,Penn Reconstruction,penn reconstruction,,,0.0,100.0,91711,p81: Penn Reconstruction 0.0 100.0 100.0,draft as proposed; includes Amendment #1 (a letter amendment); Amendment #3's prior column (July 2022 Approved) prints the same values
Capital Plan 2020 - 2024,adopted,December 2019 Approved Program,amendment #2,Miscellaneous/Administration,miscellaneous,,,234.6,231.8,91711,p81: Miscellaneous/Administration 234.6 231.8 (2.9),draft as proposed; includes Amendment #1 (a letter amendment); Amendment #3's prior column (July 2022 Approved) prints the same values
Capital Plan 2020 - 2024,adopted,December 2019 Approved Program,amendment #2,Total MTA Network Expansion Program,total,,,7798.0,9412.7,91711,"p81: Total MTA Network Expansion Program $7,798.0 $9,412.7 $1,614.7",draft as proposed; includes Amendment #1 (a letter amendment); Amendment #3's prior column (July 2022 Approved) prints the same values
Capital Plan 2020 - 2024,amendment #2,July 2022 Approved Program,amendment #3,East Side Access,East Side Access,East Side Access,,798.2,798.2,114171,p79: East Side Access $798.2 $798.2 $0.0,
Capital Plan 2020 - 2024,amendment #2,July 2022 Approved Program,amendment #3,Second Avenue Subway Phase 2,Second Avenue Subway Phase II,Second Avenue Subway Phase II,,4555.0,5233.2,114171,"p79: Second Avenue Subway Phase 2 4,555.0 5,233.2 678.2",
Capital Plan 2020 - 2024,amendment #2,July 2022 Approved Program,amendment #3,Penn Station Access,Penn Station Access,Penn Station Access,,2748.7,2948.7,114171,"p79: Penn Station Access 2,748.7 2,748.7 200.0","printed proposed 2,748.7 contradicts the line's change (+200.0), the table's total and Amendment #5's prior column (2,948.7); 2,948.7 used"
Capital Plan 2020 - 2024,amendment #2,July 2022 Approved Program,amendment #3,LIRR Expansion Project,LIRR Expansion Project,LIRR Expansion Project,,438.5,438.5,114171,p79: LIRR Expansion Project 438.5 438.5 0.0,
Capital Plan 2020 - 2024,amendment #2,July 2022 Approved Program,amendment #3,Regional Investments,regional investments,,,540.5,640.5,114171,p79: Regional Investments 540.5 640.5 100.0,
Capital Plan 2020 - 2024,amendment #2,July 2022 Approved Program,amendment #3,Penn Reconstruction,penn reconstruction,,,100.0,100.0,114171,p79: Penn Reconstruction 100.0 100.0 0.0,
Capital Plan 2020 - 2024,amendment #2,July 2022 Approved Program,amendment #3,Miscellaneous/Administration,miscellaneous,,,231.8,131.8,114171,p79: Miscellaneous/Administration 231.8 131.8 (100.0),
Capital Plan 2020 - 2024,amendment #2,July 2022 Approved Program,amendment #3,Total MTA Network Expansion Program,total,,,9412.7,10290.9,114171,"p79: Total MTA Network Expansion Program $9,412.7 $10,290.9 $878.2",
Capital Plan 2020 - 2024,amendment #3,July 2023 Amendment #3,amendment #5,Interborough Express (IBX),interborough express,,,0.0,58.3,193401,p83: Interborough Express (IBX) $0.0 $58.3 $58.3,includes Amendment #4 (a letter amendment)
Capital Plan 2020 - 2024,amendment #3,July 2023 Amendment #3,amendment #5,East Side Access,East Side Access,East Side Access,,798.2,798.2,193401,p83: East Side Access 798.2 798.2 0.0,includes Amendment #4 (a letter amendment)
Capital Plan 2020 - 2024,amendment #3,July 2023 Amendment #3,amendment #5,Second Avenue Subway Ph. 2,Second Avenue Subway Phase II,Second Avenue Subway Phase II,,5233.2,5233.2,193401,"p83: Second Avenue Subway Ph. 2 5,233.2 5,233.2 0.0",includes Amendment #4 (a letter amendment)
Capital Plan 2020 - 2024,amendment #3,July 2023 Amendment #3,amendment #5,Second Avenue Subway West,second avenue subway west,,,0.0,16.0,193401,p83: Second Avenue Subway West 0.0 16.0 16.0,includes Amendment #4 (a letter amendment)
Capital Plan 2020 - 2024,amendment #3,July 2023 Amendment #3,amendment #5,Penn Station Access,Penn Station Access,Penn Station Access,,2948.7,2948.7,193401,"p83: Penn Station Access 2,948.7 2,948.7 0.0",includes Amendment #4 (a letter amendment)
Capital Plan 2020 - 2024,amendment #3,July 2023 Amendment #3,amendment #5,LIRR Expansion Project,LIRR Expansion Project,LIRR Expansion Project,,438.5,438.5,193401,p83: LIRR Expansion Project 438.5 438.5 0.0,includes Amendment #4 (a letter amendment)
Capital Plan 2020 - 2024,amendment #3,July 2023 Amendment #3,amendment #5,Regional Investments,regional investments,,,640.5,640.5,193401,p83: Regional Investments 640.5 640.5 0.0,includes Amendment #4 (a letter amendment)
Capital Plan 2020 - 2024,amendment #3,July 2023 Amendment #3,amendment #5,Penn Reconstruction,penn reconstruction,,,100.0,90.0,193401,p83: Penn Reconstruction 100.0 90.0 (10.0),includes Amendment #4 (a letter amendment)
Capital Plan 2020 - 2024,amendment #3,July 2023 Amendment #3,amendment #5,Miscellaneous/Administration,miscellaneous,,,131.8,131.2,193401,p83: Miscellaneous/Administration 131.8 131.2 (0.5),includes Amendment #4 (a letter amendment)
Capital Plan 2020 - 2024,amendment #3,July 2023 Amendment #3,amendment #5,Total MTA Expansion,total,,,10290.9,10354.6,193401,"p83: Total MTA Expansion $10,290.9 $10,354.6 $63.7",includes Amendment #4 (a letter amendment)
Capital Plan 2025 - 2029,,,resubmitted,Interborough Express,interborough express,,,,2750,174186,"p84: Interborough Express $2,750 M","the plan book; the category's Proposed Investments total (the three categories make the $5,250M Major Projects & Expansion line)"
Capital Plan 2025 - 2029,,,resubmitted,Grand Central Artery,grand central artery,,,,1700,174186,"p85: Grand Central Artery $1,700 M","the plan book; the category's Proposed Investments total (the three categories make the $5,250M Major Projects & Expansion line)"
Capital Plan 2025 - 2029,,,resubmitted,Other Regional Investments,regional investments,,,,800,174186,p86: Other Regional Investments $800 M,"the plan book; the category's Proposed Investments total (the three categories make the $5,250M Major Projects & Expansion line)"
Capital Plan 2025 - 2029,,,resubmitted,Major Projects & Expansion,total,,,,5250,174186,"p20: Major Projects & Expansion $5,250",the plan book's agency table (p20)
Capital Plan 2015 - 2019,amendment #1,Approved Program,amendment #2,East Side Access,East Side Access,East Side Access,,2571.7,2302.2,ia-2015-19-amendment-2-2017,"p91: East Side Access $2,571.7 $2,302.2 $(269.5)",
Capital Plan 2015 - 2019,amendment #1,Approved Program,amendment #2,Second Avenue Subway Phase 2,Second Avenue Subway Phase II,Second Avenue Subway Phase II,,1035.0,1735.0,ia-2015-19-amendment-2-2017,"p91: Second Avenue Subway Phase 2 1,035.0 1,735.0 700.0",
Capital Plan 2015 - 2019,amendment #1,Approved Program,amendment #2,Penn Station Access,Penn Station Access,Penn Station Access,,695.0,695.0,ia-2015-19-amendment-2-2017,p91: Penn Station Access 695.0 695.0 0.0,
Capital Plan 2015 - 2019,amendment #1,Approved Program,amendment #2,LIRR Expansion Project,LIRR Expansion Project,LIRR Expansion Project,,0.0,1950.0,ia-2015-19-amendment-2-2017,"p91: LIRR Expansion Project 0.0 1,950.0 1,950.0",
Capital Plan 2015 - 2019,amendment #1,Approved Program,amendment #2,Regional Investments,regional investments,,,309.8,193.0,ia-2015-19-amendment-2-2017,p91: Regional Investments 309.8 193.0 (116.9),
Capital Plan 2015 - 2019,amendment #1,Approved Program,amendment #2,ESA Rolling Stock/ESA Risk Reserve,esa reserve,,,209.1,131.0,ia-2015-19-amendment-2-2017,p91: ESA Rolling Stock/ESA Risk Reserve 209.1 131.0 (78.1),
Capital Plan 2015 - 2019,amendment #1,Approved Program,amendment #2,Miscellaneous/Administration,miscellaneous,,,135.0,128.5,ia-2015-19-amendment-2-2017,p91: Miscellaneous/Administration 135.0 128.5 (6.5),
Capital Plan 2015 - 2019,amendment #1,Approved Program,amendment #2,Total MTA Capital Construction Program,total,,,4955.6,7134.6,ia-2015-19-amendment-2-2017,"p91: Total MTA Capital Construction Program $4,955.6 $7,134.6 $2,179.0",
