feature_id,pattern,name,kind,extent,lookup,notes
brooklyn_bridge,BROOKLYN BRIDGE(?! PARK),Brooklyn Bridge,bridge,point,Brooklyn Bridge,
manhattan_bridge,MANHATTAN BRIDGE,Manhattan Bridge,bridge,point,Manhattan Bridge,
williamsburg_bridge,WILLIAMSBURG BRIDGE,Williamsburg Bridge,bridge,point,Williamsburg Bridge,
queensboro_bridge,QUEENSBORO BRIDGE,Queensboro Bridge,bridge,point,Queensboro Bridge,
washington_bridge,(?<!GEORGE )WASHINGTON BRIDGE,Washington Bridge (Harlem River),bridge,point,Washington Bridge,not the George Washington Bridge
broadway_bridge,BROADWAY BRIDGE,Broadway Bridge (Harlem River),bridge,point,Broadway Bridge,
riverside_viaduct,RIVERSIDE DRIVE (VIADUCT|BR),Riverside Drive Viaduct over W 158 St,bridge,point,"Riverside Drive and West 158 Street, Manhattan",
north_river_wrrf,NORTH RIVER (WRRF|WPCP|WWTP|WASTEWATER|WATER POLLUTION|PLANT),North River WRRF,wastewater_plant,area,"725 West 135 Street, Manhattan",address from NYS DEC 2v6p-juki
hunts_point_wrrf,HUNTS POINT (WRRF|WPCP|WWTP|WASTEWATER|WATER POLLUTION|PLANT),Hunts Point WRRF,wastewater_plant,area,"Coster Street and Ryawa Avenue, Bronx",address from NYS DEC 2v6p-juki
bowery_bay_wrrf,BOWERY BAY (WRRF|WPCP|WWTP|WASTEWATER|WATER POLLUTION|PLANT),Bowery Bay WRRF,wastewater_plant,area,"43-10 Berrian Boulevard, Queens",address from NYS DEC 2v6p-juki
coney_island_wrrf,CONEY ISLAND (WRRF|WPCP|WWTP|WASTEWATER|WATER POLLUTION|PLANT),Coney Island WRRF,wastewater_plant,area,"2591 Knapp Street, Brooklyn",address from NYS DEC 2v6p-juki
rockaway_wrrf,ROCKAWAY (WRRF|WPCP|WWTP|WASTEWATER|WATER POLLUTION|PLANT),Rockaway WRRF,wastewater_plant,area,"106-21 Beach Channel Drive, Queens",address from NYS DEC 2v6p-juki
port_richmond_wrrf,PORT RICHMOND (WRRF|WPCP|WWTP|WASTEWATER|WATER POLLUTION|PLANT),Port Richmond WRRF,wastewater_plant,area,"1801 Richmond Terrace, Staten Island",address from NYS DEC 2v6p-juki
oakwood_beach_wrrf,OAKWOOD BEACH (WRRF|WPCP|WWTP|WASTEWATER|WATER POLLUTION|PLANT),Oakwood Beach WRRF,wastewater_plant,area,"751 Mill Road, Staten Island",address from NYS DEC 2v6p-juki
newtown_creek_wrrf,NEWTOWN CREEK (WRRF|WPCP|WWTP|WASTEWATER|WATER POLLUTION|PLANT),Newtown Creek WRRF,wastewater_plant,area,"329-69 Greenpoint Avenue, Brooklyn",address from NYS DEC 2v6p-juki
newtown_creek_tunnel,NEWTOWN CREEK CSO,Newtown Creek CSO storage tunnel,tunnel,linear,"329-69 Greenpoint Avenue, Brooklyn",represented by the Newtown Creek WRRF
ward26_wrrf,26TH WARD (WRRF|WPCP|WWTP|WASTEWATER|WATER POLLUTION|PLANT),26th Ward WRRF,wastewater_plant,area,"122-68 Flatlands Avenue, Brooklyn",address from NYS DEC 2v6p-juki
tallman_island_wrrf,TALLMAN ISLAND (WRRF|WPCP|WWTP|WASTEWATER|WATER POLLUTION|PLANT),Tallman Island WRRF,wastewater_plant,area,"127-01 Powells Cove Boulevard, Queens",address from NYS DEC 2v6p-juki
jamaica_wrrf,JAMAICA (WRRF|WPCP|WWTP|WASTEWATER|WATER POLLUTION|PLANT),Jamaica WRRF,wastewater_plant,area,"150-20 134 Street, Queens",address from NYS DEC 2v6p-juki
owls_head_wrrf,OWL.?S HEAD (WRRF|WPCP|WWTP|WASTEWATER|WATER POLLUTION|PLANT),Owls Head WRRF,wastewater_plant,area,"6700 Shore Road, Brooklyn",address from NYS DEC 2v6p-juki
red_hook_wrrf,RED HOOK (WRRF|WPCP|WWTP|WASTEWATER|WATER POLLUTION|PLANT),Red Hook WRRF,wastewater_plant,area,"63 Flushing Avenue, Brooklyn",address from NYS DEC 2v6p-juki
wards_island_wrrf,WARDS ISLAND (WRRF|WPCP|WWTP|WASTEWATER|WATER POLLUTION|PLANT),Wards Island WRRF,wastewater_plant,area,Wards Island,not in NYS DEC list; place-name lookup
croton_filtration,CROTON FILTRATION,Croton Water Filtration Plant,water_plant,area,Croton Filtration Plant,
manhattan_cruise_terminal,(MANHATTAN CRUISE TERMINAL|MAHATTAN CRUISE TERMINAL|PASSENGER SHIP TERMINAL|PIERS? 88),Manhattan Cruise Terminal,terminal,area,"711 12 Avenue, Manhattan",
brooklyn_cruise_terminal,BROOKLYN CRUISE TERMINAL,Brooklyn Cruise Terminal,terminal,area,"72 Bowne Street, Brooklyn",
st_george_terminal,ST\.? GEORGE (FERRY )?TERMINAL,St. George Ferry Terminal,terminal,point,St George Ferry Terminal,
whitehall_terminal,WHITEHALL (FERRY )?TERMINAL,Whitehall Ferry Terminal,terminal,point,Whitehall Ferry Terminal,
east_side_coastal,(EAST ?SIDE COASTAL RESILIENCY|COASTAL RESILIENCY AREA 1|COASTAL RESILIENCY . PROJECT AREA 2),East Side Coastal Resiliency,coastal,linear,"FDR Drive and East Houston Street, Manhattan","runs along the East River, roughly E 25 St to Montgomery St"
bqe_brooklyn_heights,(BQE|BROOKLYN.QUEENS EXPRESSWAY|I-278).*(SANDS|ATLANTIC|CANTILEVER),BQE Brooklyn Heights section,highway,linear,"Furman Street and Joralemon Street, Brooklyn","Sands St to Atlantic Ave; triple cantilever"
fmcp_passerelle,PASSERELLE,Flushing Meadows Corona Park Passerelle,bridge,point,Flushing Meadows Corona Park,
jerome_park_reservoir,JEROME PARK RESERVOIR,Jerome Park Reservoir,reservoir,area,gnis:Jerome Park Reservoir,in the Bronx
hillview_reservoir,HILLVIEW,Hillview Reservoir,reservoir,area,gnis:Hillview Reservoir,"Yonkers, adjacent to the Bronx"
kensico_reservoir,(KENSICO|EASTVIEW),Kensico Reservoir,reservoir,area,gnis:Kensico Reservoir,"includes Eastview and Kensico shafts (Westchester)"
new_croton,NEW CROTON (DAM|LAKE|RESERVOIR),New Croton Reservoir and Dam,reservoir,area,gnis:New Croton Reservoir,
cross_river,CROSS RIVER,Cross River Reservoir,reservoir,area,gnis:Cross River Reservoir,
croton_falls,CROTON FALLS,Croton Falls Reservoir,reservoir,area,gnis:Croton Falls Reservoir,
west_branch,WEST BRANCH (AND BOYDS|AUXILIARY DAM|RESERVOIR|DAM),West Branch Reservoir,reservoir,area,gnis:West Branch Reservoir,
amawalk,AMAWALK,Amawalk Reservoir,reservoir,area,gnis:Amawalk Reservoir,
catskill_aqueduct,(CATSKILL A[C]?QUEDUCT|CATSKILL CONNECTION|UPPER CATSKILL),Catskill Aqueduct,aqueduct,linear,gnis:Ashokan Reservoir,"stand-in point at the aqueduct's source, Ashokan Reservoir"
ashokan,(ASHOKAN|DIVIDING WEIR),Ashokan Reservoir,reservoir,area,gnis:Ashokan Reservoir,
schoharie,(SCHOHARIE|GILBOA),Schoharie Reservoir and Gilboa Dam,reservoir,area,gnis:Schoharie Reservoir,
delaware_bypass,(BYPASS TUNNEL|DELAWARE.RONDOUT AQUEDUCT),Delaware Aqueduct bypass tunnel,tunnel,linear,gnis:Roseton,"stand-in point at the Hudson River crossing near Roseton"
rondout,(RONDOUT|MERRIMAN DAM),Rondout Reservoir and Merriman Dam,reservoir,area,gnis:Rondout Reservoir,
cannonsville,CANNONSVILLE,Cannonsville Reservoir,reservoir,area,gnis:Cannonsville Reservoir,
pepacton,(PEPACTON|DOWNSVILLE DAM),Pepacton Reservoir,reservoir,area,gnis:Pepacton Reservoir,
neversink,NEVERSINK,Neversink Reservoir,reservoir,area,gnis:Neversink Reservoir,
manhattan_bbj,MANHATTAN DETENTION (FACILITY|COMPLEX|CENTER),Manhattan borough-based jail (White St),jail,area,bbl:1001660027,BBL from ZAP project 2019Y0061 (2iga-a6mk)
brooklyn_bbj,BROOKLYN DETENTION (FACILITY|COMPLEX|CENTER),Brooklyn borough-based jail (Atlantic Ave),jail,area,bbl:3001750001,BBL from ZAP project 2019Y0061 (2iga-a6mk)
bronx_bbj,BRONX DETENTION (FACILITY|COMPLEX|CENTER),Bronx borough-based jail (Concord Ave / E 141 St),jail,area,bbl:2025740001,BBL from ZAP project 2019Y0061 (2iga-a6mk)
queens_bbj,QUEENS DETENTION (FACILITY|COMPLEX|CENTER),Queens borough-based jail (Kew Gardens),jail,area,bbl:4096570001,BBL from ZAP project 2019Y0061 (2iga-a6mk); second lot 4096530001 not found by Geoclient
bush_terminal_pier_6,BUSH TERMINAL PIER 6|BUSH\s*-\s*MADE\s*-\s*SITE\s*-\s*PIER 6,Bush Terminal Pier 6,pier,area,bbl:3007150001,"BBL of 'BUSH TERMINAL-PIER 6' (EDC, DSBS) in DCP City Owned and Leased Property (fn4k-qyk2)"
bush_terminal_made_d,BUSH\s*-\s*MADE\s*-\s*BUILDING\s+D\b,Bush Terminal Made in NY campus,campus,area,bbl:3007060001,"EDC's capital records call the campus both 'Bush Terminal Made in NY (MiNY)' and 'Bush - MADE' (BUSHUNTAC: 'Bush Terminal Made in NY (MiNY) – Unit A & C Rehab.', 'Bush - MADE - Building A & C'); BBL of 'BUSH TERMINAL', 148-19 39 Street, in DCP City Owned and Leased Property (fn4k-qyk2), where FacDB's BUSH TERMINAL rows stand; Building C's archived CPDB polygon (BUSHMINYC) lies 345 m away"
