fms_id,building,sca_dsf,decision,evidence
SCA23ELEC,,,no_building,"fb86-vt7u: SCA23ELEC 'SCA ELECTRIFICATION PORTFOLIO' (DCAS, last reported 202305); names no school building, so no SCA project can be matched"
SCA23Q213,Q213,,no_sca_match,"fb86-vt7u: SCA23Q213 'DCAS ELECTRIFICATION WORK @ Q213' (DCAS, last reported 202305); 2xh6-psuq has no electrification, solar or DCAS project at Q213"
SCA24ELE,,,no_building,"fb86-vt7u: SCA24ELE 'SCA Lump Sum' (DCAS, last reported 202405); names no school building, so no SCA project can be matched"
SCA24K191,K191,"DSF0001083815,DSF0001111856,DSF0001111858,DSF0001111860",possible,"fb86-vt7u: SCA24K191 'SCA FY24 Electrification - K191' (DCAS, last reported 202401); 2xh6-psuq: K191 DSF0001083815,DSF0001111856,DSF0001111858,DSF0001111860 'ELECTRIFICATION/HEAT PUMP SYSTEMS / WINDOWS / ELECTRICAL SERVICE UPGRADE / FIRE ALARM' ($35.7M): same building and kind of work, but SCA does not label it DCAS, so the city amount may fund only part of it"
SCA24M030,M030,"DSF0001083892,DSF0001111794",possible,"fb86-vt7u: SCA24M030 'SCA FY24 Electrification - M030' (DCAS, last reported 202401); 2xh6-psuq: M030 DSF0001083892,DSF0001111794 'ELECTRIFICATION/HEAT PUMP SYSTEMS / ELECTRICAL SERVICE UPGRADE' ($51.0M): same building and kind of work, but SCA does not label it DCAS, so the city amount may fund only part of it"
SCA24M155,M155,"DSF0001083675,DSF0001097338,DSF0001097341,DSF0001111895",possible,"fb86-vt7u: SCA24M155 'SCA FY24 Electrification - M155' (DCAS, last reported 202401); 2xh6-psuq: M155 DSF0001083675,DSF0001097338,DSF0001097341,DSF0001111895 'ELECTRIFICATION/HEAT PUMP SYSTEMS / WINDOWS / ROOFS / ELECTRICAL UPGRADE' ($31.8M): same building and kind of work, but SCA does not label it DCAS, so the city amount may fund only part of it"
SCA24X039,X039,,no_sca_match,"fb86-vt7u: SCA24X039 'SCA FY24 Electrification - X039' (DCAS, last reported 202605); 2xh6-psuq has no electrification, solar or DCAS project at X039"
SCA25ELE,,,no_building,"fb86-vt7u: SCA25ELE 'SCA Lump Sum' (DCAS, last reported 202409); names no school building, so no SCA project can be matched"
SCA26ELE,,,no_building,"fb86-vt7u: SCA26ELE 'SCA Lump Sum' (DCAS, last reported 202601); names no school building, so no SCA project can be matched"
SCA27ELE,,,no_building,"fb86-vt7u: SCA27ELE 'SCA Lump Sum' (DCAS, last reported 202601); names no school building, so no SCA project can be matched"
SCA28ELE,,,no_building,"fb86-vt7u: SCA28ELE 'SCA Lump Sum' (DCAS, last reported 202605); names no school building, so no SCA project can be matched"
SCA29ELE,,,no_building,"fb86-vt7u: SCA29ELE 'SCA Lump Sum' (DCAS, last reported 202605); names no school building, so no SCA project can be matched"
SCA30ELE,,,no_building,"fb86-vt7u: SCA30ELE 'SCA Lump Sum' (DCAS, last reported 202605); names no school building, so no SCA project can be matched"
SCACIP05A,K061,"DSF0000869270,DSF0000869271,DSF0000869272,DSF0000869273,DSF0000892040,DSF0000912331,DSF0001010395,DSF0001034510,DSF0001083770,DSF0001083771",possible,"fb86-vt7u: SCACIP05A 'K061-SYSTEM REPLACEMENT' (DCAS, last reported 202305); 2xh6-psuq: K061 DSF0000869270,DSF0000869271,DSF0000869272,DSF0000869273,DSF0000892040,DSF0000912331,DSF0001010395,DSF0001034510,DSF0001083770,DSF0001083771 'ROOFS / PARAPETS / WINDOWS / EXTERIOR MASONRY / DOORS / SIDEWALK ELEVATOR / HVAC UPGRADE FOR CLASSROOMS AND PA SPACES / ELECTRICAL UPGRADE / HOT WATER HEATERS / FIRE ALARM SYSTEM REPLACEMENT' ($79.6M): same building and kind of work, but SCA does not label it DCAS, so the city amount may fund only part of it"
SCACIP06A,M140,,no_sca_match,"fb86-vt7u: SCACIP06A 'M140-SYSTEM REPLACEMENT' (DCAS, last reported 202305); 2xh6-psuq has no electrification, solar or DCAS project at M140"
SCACIP08,K005,"DSF0000936438,DSF0000961025,DSF0000984743,DSF0000984750",possible,"fb86-vt7u: SCACIP08 'K005 Building Electrification' (DCAS/DOE, last reported 202605); 2xh6-psuq: K005 DSF0000936438,DSF0000961025,DSF0000984743,DSF0000984750 'ELECTRIFICATION/CLIMATE CONTROL / ELECTRIFICATION/BOILER REMOVAL / LOW VOLTAGE ELECTRICAL SYSTEM / ELECTRICAL SYSTEMS' ($20.5M): same building and kind of work, but SCA does not label it DCAS, so the city amount may fund only part of it"
SCACIP09,Q085,,no_sca_match,"fb86-vt7u: SCACIP09 'DOE - Q085 Capacity 80x50' (DCAS, last reported 202305); 2xh6-psuq has no electrification, solar or DCAS project at Q085"
SCACIP10,,,no_building,"fb86-vt7u: SCACIP10 'SCA  - SCA HEATING ELECTRIFICATION PROGRAM 252-12 72ND AVE' (DCAS, last reported 202401); names no school building, so no SCA project can be matched"
SCAE-K162,K162,"DSF0001083706,DSF0001083814,DSF0001090256,DSF0001111903",possible,"fb86-vt7u: SCAE-K162 'SCA Electrification - K162' (DCAS, last reported 202401); 2xh6-psuq: K162 DSF0001083706,DSF0001083814,DSF0001090256,DSF0001111903 'FULL PROGRAM ACCESSIBILITY / ELECTRIFICATION/HEAT PUMP SYSTEMS / WINDOWS / ELECTRICAL SERVICE UPGRADE' ($43.5M): same building and kind of work, but SCA does not label it DCAS, so the city amount may fund only part of it"
SCAE-K420,K420,"DSF0001065973,DSF0001087214,DSF0001087215",possible,"fb86-vt7u: SCAE-K420 'SCA Electrification - K420' (DCAS, last reported 202401); 2xh6-psuq: K420 DSF0001065973,DSF0001087214,DSF0001087215 'ELECTRIFICATION/HEAT PUMP SYSTEMS / LOW VOLTAGE ELECTRICAL SYSTEMS / ELECTRICAL SERVICE UPGRADE' ($5.6M): same building and kind of work, but SCA does not label it DCAS, so the city amount may fund only part of it"
SCAE-M048,M048,"DSF0001017700,DSF0001068448,DSF0001085132,DSF0001111793",possible,"fb86-vt7u: SCAE-M048 'SCA Electrification - M048' (DCAS, last reported 202401); 2xh6-psuq: M048 DSF0001017700,DSF0001068448,DSF0001085132,DSF0001111793 'FIRE ALARM / ELECTRIFICATION/HEAT PUMP SYSTEMS / WINDOWS / ELECTRICAL SERVICE UPGRADE' ($50.0M): same building and kind of work, but SCA does not label it DCAS, so the city amount may fund only part of it"
SCAE-M129,M129,"DSF0001083817,DSF0001096984,DSF0001096992",possible,"fb86-vt7u: SCAE-M129 'SCA Electrification - M129' (DCAS, last reported 202401); 2xh6-psuq: M129 DSF0001083817,DSF0001096984,DSF0001096992 'ELECTRIFICATION/HEAT PUMP SYSTEMS / ELECTRICAL SERVICE UPGRADE / LOW VOLTAGE ELECTRICAL SYSTEMS' ($37.3M): same building and kind of work, but SCA does not label it DCAS, so the city amount may fund only part of it"
SCAE-M218,M218,"DSF0001019445,DSF0001070177,DSF0001070178,DSF0001070179,DSF0001083676,DSF0001097868,DSF0001097877,DSF0001112078,DSF0001112079",possible,"fb86-vt7u: SCAE-M218 'SCA Electrification - M218' (DCAS, last reported 202401); 2xh6-psuq: M218 DSF0001019445,DSF0001070177,DSF0001070178,DSF0001070179,DSF0001083676,DSF0001097868,DSF0001097877,DSF0001112078,DSF0001112079 'FLOOD ELIMINATION / ELECTRIFICATION/HEAT PUMP SYSTEMS / EXTERIOR MASONRY / PARAPETS / ROOFS / LOW VOLTAGE ELECTRICAL SYSTEM / ELECTRICAL SERVICE UPGRADE / WINDOWS / LIGHTING UPGRADE' ($72.6M): same building and kind of work, but SCA does not label it DCAS, so the city amount may fund only part of it"
SCAE-M501,M501,"DSF0001083743,DSF0001085799,DSF0001098318,DSF0001098324",possible,"fb86-vt7u: SCAE-M501 'SCA Electrification - M501' (DCAS, last reported 202401); 2xh6-psuq: M501 DSF0001083743,DSF0001085799,DSF0001098318,DSF0001098324 'ELECTRIFICATION/HEAT PUMP SYSTEMS / WINDOWS / ELECTRICAL UPGRADE / LOW VOLTAGE ELECTRICAL SYSTEMS' ($44.6M): same building and kind of work, but SCA does not label it DCAS, so the city amount may fund only part of it"
SCAE-Q169,Q169,"DSF0000961435,DSF0001074268,DSF0001083818,DSF0001086887,DSF0001086888,DSF0001113742",possible,"fb86-vt7u: SCAE-Q169 'SCA Electrification - Q169' (DCAS, last reported 202401); 2xh6-psuq: Q169 DSF0000961435,DSF0001074268,DSF0001083818,DSF0001086887,DSF0001086888,DSF0001113742 'FY21 RESO A AUDITORIUM UPGRADE / ELECTRIFICATION/HEAT PUMP SYSTEMS / ELECTRICAL UPGRADE / WINDOWS / ROOFS / LIGHTING UPGRADE' ($33.3M): same building and kind of work, but SCA does not label it DCAS, so the city amount may fund only part of it"
SCAE-Q186,Q186,,possible,"fb86-vt7u: SCAE-Q186 'SCA Electrification - Q186' (DCAS, last reported 202401); 2xh6-psuq: Q186 DSF0001036331,DSF0001115011 'ELECTRICAL SERVICE UPGRADE / PARTIAL ELECTRIFICATION/HEAT PUMP SYSTEMS' ($23.2M); Q186 DSF0001034486 'ELECTRIFICATION/HEAT PUMP SYSTEMS' ($0.9M): same building and kind of work, but SCA does not label it DCAS, so the city amount may fund only part of it"
SCAE-Q510,Q510,,no_sca_match,"fb86-vt7u: SCAE-Q510 'SCA Electrification - Q510' (DCAS, last reported 202401); 2xh6-psuq has no electrification, solar or DCAS project at Q510"
SCAE-R041,R041,,no_sca_match,"fb86-vt7u: SCAE-R041 'SCA Electrification - R041' (DCAS, last reported 202401); 2xh6-psuq has no electrification, solar or DCAS project at R041"
SCAE-X099,X099,,no_sca_match,"fb86-vt7u: SCAE-X099 'SCA Electrification - X099' (DCAS, last reported 202401); 2xh6-psuq has no electrification, solar or DCAS project at X099"
SCAELK250,K250,"DSF0001114049,DSF0001143510,DSF0001143511,DSF0001143514,DSF0001143517",same_work,"fb86-vt7u: SCAELK250 'DOE - SCA FY26 Electrification - K250' (DCAS, last reported 202605); 2xh6-psuq: K250 DSF0001114049,DSF0001143510,DSF0001143511,DSF0001143514,DSF0001143517 'DCAS ELECTRIFICATION/HEAT PUMP SYSTEMS / DCAS FIRE ALARM SYSTEM / DCAS ROOFS / DCAS ELECTRICAL UPGRADE / DCAS LIGHTING UPGRADE': SCA labels the work DCAS at the building the FMS ID names"
SCAELK256,K256,,no_sca_match,"fb86-vt7u: SCAELK256 'SCA FY26 Electrification - K256' (DCAS, last reported 202605); 2xh6-psuq has no electrification, solar or DCAS project at K256"
SCAELM143,M143,"DSF0001085598,DSF0001111921,DSF0001112080",same_work,"fb86-vt7u: SCAELM143 'Full Electrification Retrofit Project @ Q143' (DCAS, last reported 202505); 2xh6-psuq: M143 DSF0001085598,DSF0001111921,DSF0001112080 'DCAS ELECTRIFICATION/HEAT PUMP SYSTEMS / DCAS ELECTRICAL SERVICE UPGRADE / DCAS LIGHTING UPGRADE': SCA labels the work DCAS at the building the FMS ID names (the city title says Q143; the FMS ID and SCA's DCAS project say M143)"
SCAELQ008,Q008,"DSF0001071341,DSF0001086893,DSF0001099046,DSF0001099048,DSF0001099052,DSF0001099053,DSF0001112238,DSF0001113917",same_work,"fb86-vt7u: SCAELQ008 'Full Electrification Retrofit Project @ Q008' (DCAS/DOE, last reported 202605); 2xh6-psuq: Q008 DSF0001071341,DSF0001086893,DSF0001099046,DSF0001099048,DSF0001099052,DSF0001099053,DSF0001112238,DSF0001113917 'DCAS ROOFS / DCAS ELECTRIFICATION/HEAT PUMP SYSTEMS / FLOOD ELIMINATION / PARAPETS / EXTERIOR MASONRY / DCAS FIRE ALARM / DCAS ELECTRICAL UPGRADE / DCAS LIGHTING UPGRADE': SCA labels the work DCAS at the building the FMS ID names"
SCAELQ107,Q107,"DSF0001085599,DSF0001100785,DSF0001100794,DSF0001111905,DSF0001113734",same_work,"fb86-vt7u: SCAELQ107 'Full Electrification Retrofit Project @ Q107' (DCAS/DOE, last reported 202605); 2xh6-psuq: Q107 DSF0001085599,DSF0001100785,DSF0001100794,DSF0001111905,DSF0001113734 'DCAS ELECTRIFICATION/HEAT PUMP SYSTEMS / DCAS WINDOWS / DCAS ELECTRICAL SERVICE UPGRADE / DCAS FIRE ALARM / DCAS LIGHTING UPGRADE': SCA labels the work DCAS at the building the FMS ID names"
SCAELQ171,Q171,"DSF0001085600,DSF0001112320,DSF0001112321,DSF0001114004",same_work,"fb86-vt7u: SCAELQ171 'Full Electrification Retrofit Project @ Q171' (DCAS, last reported 202505); 2xh6-psuq: Q171 DSF0001085600,DSF0001112320,DSF0001112321,DSF0001114004 'DCAS ELECTRIFICATION/HEAT PUMP SYSTEMS / DCAS FIRE ALARM UPGRADE / DCAS ELECTRICAL SERVICE UPGRADE / DCAS FLOOD ELIMINATION': SCA labels the work DCAS at the building the FMS ID names"
SCAELQ245,Q245,"DSF0001075462,DSF0001087155",same_work,"fb86-vt7u: SCAELQ245 'Full Electrification Retrofit Project @ Q245' (DCAS, last reported 202505); 2xh6-psuq: Q245 DSF0001075462,DSF0001087155 'DCAS ROOFS / DCAS ELECTRIFICATION/HEAT PUMP SYSTEMS': SCA labels the work DCAS at the building the FMS ID names"
SCAELQ262,Q262,"DSF0001087156,DSF0001111920,DSF0001112092",same_work,"fb86-vt7u: SCAELQ262 'Full Electrification Retrofit Project @ Q262' (DCAS, last reported 202505); 2xh6-psuq: Q262 DSF0001087156,DSF0001111920,DSF0001112092 'DCAS ELECTRIFICATION/HEAT PUMP SYSTEMS / DCAS ROOFS / DCAS FIRE ALARM PANEL': SCA labels the work DCAS at the building the FMS ID names"
SCAELR027,R027,,no_sca_match,"fb86-vt7u: SCAELR027 'SCA FY26 Electrification - R027' (DCAS, last reported 202605); 2xh6-psuq has no electrification, solar or DCAS project at R027"
SCASJVPV,,,no_building,"fb86-vt7u: SCASJVPV 'SCA St John Villa Solar' (DCAS, last reported 202505); names no school building, so no SCA project can be matched"
SCASJVPV1,R123,,no_sca_match,"fb86-vt7u: SCASJVPV1 'Intermediate/High School (R123) St John's Villa' (DCAS, last reported 202605); 2xh6-psuq has no electrification, solar or DCAS project at R123"
SCASJVPV2,R125,,no_sca_match,"fb86-vt7u: SCASJVPV2 'Elementary/Intermediate (R125) St John's Villa' (DCAS, last reported 202605); 2xh6-psuq has no electrification, solar or DCAS project at R125"
