rule_id,kind,program,scope,key,area_class,basis,evidence,son,son_type,status
jails-borough-based,title,nyc_capital,Public safety and justice/Jails and corrections,\b(BORO|BOROUGH)[- ]BASED\b|\bBBJ\b(?!.*COMMUNITY),regional,"review: each borough-based jail is to hold people with cases in its borough's courts, near their families (DOC's scope of work), though the Statement of Needs lists the program as Citywide","DOC, Borough-Based Jail System Draft Scope of Work (CEQR 18DOC001Y), 15 August 2018, p.6: 'providing connections to courts and service providers'; p.7: 'allowing people to remain closer to their loved ones'; p.9: the Brooklyn House of Detention holds people 'awaiting trial in Brooklyn or Staten Island courts' (nyc.gov/assets/manhattancb3/downloads/resources/Manhattan_Detention_Center/MDC-Draft-Scope-Of-Work.pdf). The Statement of Needs lists them as Citywide (SON FY2020-21 PDF p.100 'New Borough-Based Jail')",,\(DOC\).*::.*borough-based jail,draft
jails-community-centres,title,nyc_capital,Public safety and justice/Jails and corrections,\bBBJ COMMUNITY CENT,local,"review: the community space built with each borough-based jail serves its neighbourhood (DOC's scope of work, p.7: 'publicly accessible community space')","DOC, Borough-Based Jail System Draft Scope of Work (CEQR 18DOC001Y), 15 August 2018, p.6: 'providing connections to courts and service providers'; p.7: 'allowing people to remain closer to their loved ones'; p.9: the Brooklyn House of Detention holds people 'awaiting trial in Brooklyn or Staten Island courts' (nyc.gov/assets/manhattancb3/downloads/resources/Manhattan_Detention_Center/MDC-Draft-Scope-Of-Work.pdf). The Statement of Needs lists them as Citywide (SON FY2020-21 PDF p.100 'New Borough-Based Jail')",,,draft
jails,title,nyc_capital,Public safety and justice/Jails and corrections,.,citywide,review: Rikers Island and other DOC work outside the borough-based jails holds people from every borough,,,,draft
shelters,title,nyc_capital,Social services/Homeless shelters,.,regional,review: DHS's borough-based approach (since 2017) shelters families and individuals in their home boroughs; the Statement of Needs lists transitional shelters as Citywide,"DHS letter 'Turning the Tide on Homelessness', 25 March 2021, p.1: 'the opportunity to be sheltered in their home boroughs' (nyc.gov/assets/dhs/downloads/pdf/notices/Turning_the_Tide_2021.pdf); DHS FY18 preliminary budget presentation p.10: 'Our borough-based approach will provide families and individuals the opportunity to be placed near their home communities' (nyc.gov/assets/dhs/downloads/pdf/testimony/dhs-fy18-prelim-budget-presentation.pdf)",,\(DHS\).*::.*shelter,draft
water-supply-mains,title,nyc_capital,Water and sewer/Water supply,\b(WMS?|WATER MAINS?|DIST\.? WM|DISTRIBUTION)\b,local,"review: distribution mains within the city serve the streets they run under, like other water main work",,,,draft
water-supply,title,nyc_capital,Water and sewer/Water supply,.,citywide,rule: Statement of Needs lists water supply work as Citywide,SON FY2018-19 PDF p.28 'New Water Supply Shaft 17B at 45-03 37th Avenue in Queens CD 2 for City Water Tunnel #3' (Department of Environmental Protection (DEP)): Regional - citywide,son_18_19|28|Water Supply Shaft 17B,\(DEP\).*::.*(water supply|tunnel #?3|shaft),draft
water-supply-works,title,nyc_capital,Water and sewer,\b(CATSKILL|DELAWARE|CROTON|KENSICO|HILLVIEW|ASHOKAN|SCHOHARIE|AQUEDUCT|RESERVOIR|CITY TUNNEL|CT ?3)\b,citywide,"review: reservoirs, dams, aqueducts and city tunnels supply the whole city, whatever their subtheme",,,,draft
highways,title,nyc_capital,Transportation,\b(EXPRESSWAY|EXPWY|EXPY|B\.?Q\.?E|F\.?D\.?R|HARLEM RIVER (DR|DRIVE)|HENRY HUDSON|WEST SIDE (HIGHWAY|HWY)|GOWANUS|BELT (PKWY|PARKWAY)|SHORE (PKWY|PARKWAY)|CROSS BRONX|MAJOR DEEGAN|VAN WYCK|GRAND CENTRAL (PKWY|PARKWAY)|CROSS ISLAND|JACKIE ROBINSON|HUTCHINSON RIVER (PKWY|PARKWAY)|BRONX RIVER (PKWY|PARKWAY)|SHERIDAN|CLEARVIEW|KOSCIUSZKO|L\.I\.E)\b,regional,review: an arterial highway serves the boroughs it runs through (round 1: marked regional; some may be citywide),,,,draft
east-river-bridges,category,nyc_capital,Transportation/Bridges,EAST RIVER BRIDGES,citywide,review: the East River crossings carry traffic between boroughs,,,,draft
signal-systems,category,nyc_capital,,SIGNAL INSTALLATION AND COMPUTERIZATION,local,"review: a signal, camera or sign serves its intersection; citywide programs without locations count only citywide",,,,draft
ferries,subtheme,nyc_capital,,Ferries,citywide,review: ferry boats and terminals serve riders from across the city (Staten Island Ferry; NYC Ferry),,,,draft
research-libraries,title,nyc_capital,Libraries and culture/Libraries,\b(SCHWARZMAN|RESEARCH LIBRARY|LIBRARY FOR THE PERFORMING|SCHOMBURG|SNFL|STAVROS NIARCHOS|MID-MANHATTAN|LIBRARY SERVICES CENTER)\b,citywide,review: research and central libraries serve readers citywide,,,,draft
central-libraries,title,nyc_capital,Libraries and culture/Libraries,\b(CENTRAL LIBRARY|CENTRAL BRANCH|GRAND ARMY PLAZA|JAMAICA CENTRAL|QUEENS CENTRAL)\b,regional,review: a borough's central library serves the borough,,,,draft
libraries,subtheme,nyc_capital,,Libraries,local,review: Statement of Needs proposals for library branches are split (NYPL branches Community District; BPL branches Borough or Citywide); a branch is drafted as local,SON FY2025-26 PDF p.47 'Expansion of Edenwald Branch' (New York Public Library (NYPL)): Community District,son_25_26|47|Edenwald Branch,(library|\((NYPL|BPL|QPL|BKPL)\)).*::,draft
fdny-units,location_source,nyc_capital,,fdny_unit,local,rule: Statement of Needs lists FDNY stations as Local,"SON FY2015-16 PDF p.25 'Temporary relocation of Emergency Medical Services (EMS) Station 49, Astoria' (Fire Department (FDNY)): Queens CD 1, Astoria",son_15_16|25|EMS) Station 49,\(FDNY\).*::.*(station|engine|ladder|firehouse),draft
fdny-stations,title,nyc_capital,Public safety and justice/Fire and EMS,"\b(ENGINE|LADDER|FIREHOUSE|FIRE HOUSE|EMS STATION|E\d{1,3}|L\d{1,3})\b",local,rule: Statement of Needs lists FDNY stations as Local,"SON FY2015-16 PDF p.25 'Temporary relocation of Emergency Medical Services (EMS) Station 49, Astoria' (Fire Department (FDNY)): Queens CD 1, Astoria",son_15_16|25|EMS) Station 49,\(FDNY\).*::.*(station|engine|ladder|firehouse),draft
fdny-other,subtheme,nyc_capital,,Fire and EMS,citywide,"review: FDNY work not at a named station (training, fleet, shops, equipment) serves the whole department",,,,draft
nypd-units,location_source,nyc_capital,,nypd_unit,local,rule: Statement of Needs lists a precinct-level NYPD station as Local,SON FY2016-17 PDF p.31 'Relocation of the World Trade Center Sub-Station' (New York Police Department (NYPD)): Manhattan CD 1,son_16_17|31|World Trade Center Sub-Station,\(NYPD\).*::.*(precinct|sub-station|station house|\bPSA\b),draft
nypd-precincts,title,nyc_capital,Public safety and justice/Police,\b(PRECINCT|PCT|STATION HOUSE|PSA ?\d|POLICE SERVICE AREA)\b,local,rule: Statement of Needs lists a precinct-level NYPD station as Local,SON FY2016-17 PDF p.31 'Relocation of the World Trade Center Sub-Station' (New York Police Department (NYPD)): Manhattan CD 1,son_16_17|31|World Trade Center Sub-Station,\(NYPD\).*::.*(precinct|sub-station|station house|\bPSA\b),draft
nypd-other,subtheme,nyc_capital,,Police,citywide,"review: NYPD work not at a precinct (academy, headquarters, labs, fleet, equipment) serves the whole department",,,,draft
dsny-units,location_source,nyc_capital,,dsny_unit,local,rule: Statement of Needs lists DSNY district garages as Local,SON FY2026-27 PDF p.40 'Relocation of Bronx District 2 Garage' (Department of Sanitation (DSNY)): Community District,son_26_27|40|Bronx District 2 Garage,\(DSNY\).*::.*garage,draft
dsny-citywide,title,nyc_capital,Sanitation,\b(MARINE TRANSFER|M\.?T\.?S\.?|TRANSFER STATION|CENTRAL REPAIR|FRESH KILLS|LANDFILL)\b,citywide,review: waste transfer and central repair serve the whole department,,,,draft
dsny-garages,title,nyc_capital,Sanitation,\bGARAGE\b,local,rule: Statement of Needs lists DSNY district garages as Local,SON FY2026-27 PDF p.40 'Relocation of Bronx District 2 Garage' (Department of Sanitation (DSNY)): Community District,son_26_27|40|Bronx District 2 Garage,\(DSNY\).*::.*garage,draft
dsny-other,theme,nyc_capital,,Sanitation,regional,"review: other DSNY facilities (borough shops, salt storage, lots) serve several districts",,,,draft
courts,subtheme,nyc_capital,,Courts,regional,"review: Statement of Needs proposals for court facilities are mostly Borough, some Citywide; drafted as regional",SON FY2019-20 PDF p.23 'New Office Space for the Family Court Division’s “Raise the Age” Program – Bronx' (New York City Law Department): Regional – Bronx,son_19_20|23|Raise the Age,::.*court|\(OCA\),draft
health-centres,title,nyc_capital,Health,\b(GOTHAM|CLINIC|HEALTH CENTER|DIAGNOSTIC (AND|&) TREATMENT|D ?& ?TC|CHILD HEALTH)\b,local,review: a neighborhood health centre or clinic serves its surrounding area,,,,draft
health-citywide,title,nyc_capital,Health,\b(OCME|MEDICAL EXAMINER|PUBLIC HEALTH LAB|LABORATORY)\b,citywide,review: the medical examiner and public health laboratory serve the city,,,,draft
animal-care,category,nyc_capital,Health/Public health,ANIMAL CARE,regional,rule: Statement of Needs lists animal care centres as Borough,SON FY2017-18 PDF p.17 'New Animal Care and Control Shelter in Queens' (Department of Health and Mental Health (DOHMH)): Regional – Queens (boroughwide),son_17_18|17|Animal Care and Control Shelter in Queens,::.*animal,draft
hospitals,subtheme,nyc_capital,,Hospitals,regional,review: an H+H hospital serves a catchment of several districts,,,,draft
public-health,subtheme,nyc_capital,,Public health,regional,review: DOHMH facilities serve a borough or the city,,,,draft
juvenile-detention,title,nyc_capital,Social services/Children and families,\b(DETENTION|HORIZON|CROSSROADS|JUVENILE|SECURE)\b,citywide,rule: Statement of Needs lists juvenile detention as Citywide,"SON FY2025-26 PDF p.81 'Expansion of Horizon Juvenile Detention Center' (Administration for Children’s Services (ACS) Administration, Division of Youth and Family Justice): Citywide",son_25_26|81|Horizon Juvenile Detention,\(ACS\).*::.*(detention|horizon|crossroads|youth reception),draft
children-families,subtheme,nyc_capital,,Children and families,regional,rule: Statement of Needs lists ACS offices and Early Learn centres as Borough,SON FY2017-18 PDF p.12 'Consolidation of Division of Child Protection Offices in the Bronx' (Administration for Children's Services (ACS)): Regional – Bronx (boroughwide),son_17_18|12|Child Protection Offices in the Bronx,\(ACS\)(?!.*::.*(detention|horizon|crossroads|youth reception)),draft
benefits,subtheme,nyc_capital,,Benefits and social services,regional,review: Statement of Needs lists HRA job centres as Regional in FY2017-18 and the Bainbridge Job Center as Citywide from FY2020-21,"SON FY2017-18 PDF p.22 'Relocation of the Bay Ridge Job Center' (Human Resources Administration (HRA)): Regional – Brooklyn CDs 6, 7, 10, 11, 12 and 14",son_17_18|22|Bay Ridge Job Center,(\(HRA\)|Human Resources),draft
older-adults,subtheme,nyc_capital,,Older adults,local,rule: Statement of Needs lists senior centres as Community District,SON FY2020-21 PDF p.82 'New Senior Community Center' (Department for the Aging (DFTA) Bureau of Community Services - Facilities Management Unit): Community District,son_20_21|82|New Senior Community Center,::.*(senior|older adult),draft
housing,theme,nyc_capital,,Housing,local,review: housing serves the residents who live in it,,,,draft
culture-borough,title,nyc_capital,Libraries and culture/Culture,\b(BOTANICAL GARDEN|HALL OF SCIENCE|CHILDREN'S MUSEUM|BXMA|BRONX MUSEUM|QMA|QUEENS? MUSEUM|QUEENS THEATRE|QTIP|SIZ|STATEN ISLAND (ZOO|MUSEUM)|SIIAS|SHCC|SNUG HARBOR|WAVE HILL|WEEKSVILLE|FLUSHING TOWN HALL|JAMAICA CENTER|BRONX COUNTY HISTORICAL|HISTORIC RICHMOND|QUEENS COUNTY FARM|LEWIS LATIMER)\b,regional,rule: Statement of Needs lists a borough botanical garden as Borough,SON FY2025-26 PDF p.65 'New Space Request for Queens Botanical Garden Education Facility' (Department of Cultural Affairs (DCLA) Capital Projects Unit): Borough,son_25_26|65|Queens Botanical Garden,::.*botanical,draft
culture,subtheme,nyc_capital,,Culture,citywide,rule: Statement of Needs lists DCLA cultural facilities as Citywide,SON FY2025-26 PDF p.50 'New Space Request for L10 Cultural Condo' (Department of Cultural Affairs (DCLA) Capital Projects Unit): Citywide,son_25_26|50|L10 Cultural Condo,\(DCLA\)(?!.*botanical),draft
community-boards,title,nyc_capital,Government buildings and operations,"\b(COMMUNITY BOARD|CB ?\d{1,2}\b|DISTRICT OFFICE)",local,rule: Statement of Needs lists community board offices as Local,SON FY2019-20 PDF p.34 'Relocation of Community District Office' (Bronx Community Board 8 (CB 8)): Local– Bronx CD 8,son_19_20|34|Community District Office,(community board|::.*community district office),draft
borough-halls,title,nyc_capital,Government buildings and operations,\bBOROUGH (HALL|PRESIDENT)\b,regional,review: a borough hall serves the borough,,,,draft
gov-waterfront,title,nyc_capital,Government buildings and operations,\b(WATERFRONT|STREET END|BULKHEAD)\b,local,review: a street-end waterfront or bulkhead serves its neighbourhood,,,,draft
gov-schools,title,nyc_capital,Government buildings and operations,\b(SCA|DOE)\b|@ ?[KMQXR]\d{3}\b|- [KMQXR]\d{3}\b|\b[KMQXR]\d{3} BUILDING|\(R12\d\),local,review: energy or building work at a school serves the school's community (as SCA work),,,,draft
gov-cuny,title,nyc_capital,Government buildings and operations,\b(CUNY|COMMUNITY COLLEGE|FIT)\b,regional,review: energy work at a CUNY college takes the colleges' class,,,,draft
gov-hospitals,title,nyc_capital,Government buildings and operations,\b(HHC|HOSPITAL|MEDICAL CENTER|WOODHULL|COLER|JACOBI)\b,regional,review: energy work at an H+H hospital takes the hospitals' class,,,,draft
gov-culture,title,nyc_capital,Government buildings and operations,\b(CIG|MUSEUM|AMNH|WCS|BRONX ZOO|MCNY|MMA)\b,citywide,review: work at a cultural institution takes the cultural institutions' class,,,,draft
gov-courts,title,nyc_capital,Government buildings and operations,\b(COURTS?(?! SQUARE)|COURTHOUSE|DA|DA'S|DISTRICT ATTORNEY|RAISE THE AGE)\b,regional,review: courts and district attorneys serve their borough (county),,,,draft
gov-local-sites,title,nyc_capital,Government buildings and operations,\b(PRECINCT|DISTRICT GARAGE|POLICE ATHLETIC|PAL|COMMUNITY CENTER|LITTLE LEAGUE|COMPOST)\b,local,"review: work at a precinct, district garage or community centre serves its neighbourhood",,,,draft
government,theme,nyc_capital,,Government buildings and operations,citywide,"review: central offices, civic center buildings and agency-wide systems serve the whole city (round 1: marked regional for the whole rule; the narrower parts are now split out)",,,,draft
neighborhood-revitalization,category,nyc_capital,Economic development and waterfront,NEIGHBORHOOD REVITALIZATION,local,review: neighbourhood revitalisation is aimed at one area,,,,draft
markets,category,nyc_capital,Economic development and waterfront,MARKET DEVELOPMENT,regional,"review: a wholesale market supplies the city but most benefits its borough (jobs, trade, access)",,,,draft
economic-development,theme,nyc_capital,,Economic development and waterfront,regional,"review: industrial, commercial and waterfront development draws users from several districts",,,,draft
cuny,title,nyc_capital,Education,\b(CUNY|COLLEGE)\b,regional,review: a CUNY campus admits students citywide but most benefits its borough,,,,draft
city-education,theme,nyc_capital,,Education,local,review: city-funded school work (energy and reconstruction in DOE buildings) serves the school's community,,,,draft
parks-neighborhood-category,category,nyc_capital,Parks,"Neighborhood Parks, Playgrounds and Ballfields",local,review: the category names neighbourhood parks and playgrounds,,,,draft
parks-flagship,parks_type,nyc_capital,Parks,Flagship Park,regional,"review: a flagship park draws visitors citywide but most benefits its borough (access, visitors' spending)",,,,draft
parks-community,parks_type,nyc_capital,Parks,Community Park,regional,review: a community park is larger than a neighbourhood park and serves several neighbourhoods,,,,draft
parks-neighborhood-type,parks_type,nyc_capital,Parks,Neighborhood Park|Playground|Jointly Operated Playground|Triangle/Plaza|Garden|Recreational Field/Courts|Mall|Strip,local,review: NYC Parks' smaller property types serve their neighbourhood,,,,draft
parks-large-category,category,nyc_capital,Parks,"LARGE, MAJOR AND REGIONAL PARK RECONSTRUCTION",regional,review: the category names large and regional parks,,,,draft
parks-other,theme,nyc_capital,,Parks,regional,"review: other Parks work (nature areas, waterfront, buildings, citywide programs) not tied to a neighbourhood park",,,,draft
dep-trunk,title,nyc_capital,Water and sewer,\b(TUNNEL|INTERCEPTOR|TRUNK|OUTFALL|PUMPING STATION|PUMP STATION)\b,regional,rule: Statement of Needs lists a CSO project spanning a creek's drainage area as Regional,SON FY2015-16 PDF p.21 'Two New Aeration Facilities/Newtown Creek Water Quality Improvement Project' (Department of Environmental Protection (DEP)): Regional/Brooklyn/Queens,son_15_16|21|Newtown Creek Water Quality,\(DEP\)(?!.*(water supply|shaft)).*::.*(aeration|tunnel),draft
dep-cso-local,title,nyc_capital,Water and sewer,\b(TANK|DISINFECTION|CSO|BLUEBELT|GREEN INFRASTRUCTURE|BIOSWALE|RAIN GARDEN)\b,local,rule: Statement of Needs lists CSO retention and disinfection facilities as Local,SON FY2016-17 PDF p.18 'New Disinfection Facility for Alley Creek Combined Sewer Overflow Retention Tank' (Department of Environmental Preservation (DEP)): Queens CD 11,son_16_17|18|Alley Creek,\(DEP\)(?!.*(aeration|tunnel)).*::.*(tank|disinfection|cso|overflow),draft
treatment-plants,subtheme,nyc_capital,,Treatment and water quality,regional,review: a wastewater treatment plant serves a drainage area of several districts; counted in the plant's borough until an official drainage-area boundary is available,,,,draft
mains-sewers,subtheme,nyc_capital,,Water mains and sewers,local,review: local sewer and water main work serves the streets it runs under,,,,draft
dep-other,theme,nyc_capital,,Water and sewer,citywide,review: other DEP work (facilities and systems) serves the whole water system,,,,draft
resurfacing,category,nyc_capital,Transportation/Streets and sidewalks,PRIMARY STREET RESURFACING,local,"review: resurfacing serves the streets it covers; contracts placed only by borough count by borough, and unplaced ones only citywide",,,,draft
streets,subtheme,nyc_capital,,Streets and sidewalks,local,review: street and sidewalk reconstruction serves the blocks it covers,,,,draft
bridges-east-river,title,nyc_capital,Transportation/Bridges,^(?!.*ESPLANADE).*\b(WILLIAMSBURG|MANHATTAN|BROOKLYN|QUEENSBORO|ED KOCH) BRIDGE\b,citywide,review: an East River bridge outside the East River Bridges category takes that category's class,,,,draft
bridges-rikers,title,nyc_capital,Transportation/Bridges,\bRIKERS\b,citywide,review: the Rikers Island bridge serves the city's jails,,,,draft
bridges-highway,title,nyc_capital,Transportation/Bridges,^(?:(?!\bOVER\b).)*\b(EXPRESSWAY|EXPWY|EXRESSWAY|EXPESSWAY|EXPY|PKWY|PARKWAY|HIGHWAY|HHP|BSHP|BQE|FDR|MAJOR DEEGAN|CROSS BRONX|\d{3}I|I-\d+)\b,regional,review: a bridge carrying a highway serves the boroughs the highway runs through,,,,draft
bridges-interborough,title,nyc_capital,Transportation/Bridges,\b(HARLEM (RIVER|RV)|NEWTOWN CREEK|NEWTON CREEK|PULASKI|WASHINGTON BRIDGE|BROADWAY BRIDGE|WILLIS AVE|MACOMBS DAM|UNIVERSITY HEIGHTS|GREENPOINT AVE|ROOSEVELT ISLAND|WARDS ISLAND|RANDALLS ISLAND)\b,regional,"review: a bridge between boroughs (Harlem River, Newtown Creek, East River islands) serves both sides",,,,draft
bridges,subtheme,nyc_capital,,Bridges,local,"review: a bridge carrying a street, or a rail, park or footbridge, serves the streets it joins",,,,draft
signals-lighting,subtheme,nyc_capital,,Signals and lighting,local,review: street lights and markings serve the street they are on,,,,draft
transportation-other,theme,nyc_capital,,Transportation,regional,review: other DOT facilities serve a borough or more,,,,draft
city-default,program,nyc_capital,,,citywide,review: city work with no theme rule serves the city,,,,draft
sca-central,sca_school,sca,,Central-HQ-Citywide,citywide,rule: DOE names the location Central-HQ-Citywide,DOE School Locations location_category_description,,,draft
sca-high-schools,sca_school,sca,,High school|Secondary School|K-12 all grades,regional,review: high school admissions are not zoned to a district,,,,draft
sca-regional-centres,sca_school,sca,,Regional Operational Center (ROC)|Region-Division,regional,rule: DOE names the location a regional centre,DOE School Locations location_category_description,,,draft
sca-elementary-middle,sca_school,sca,,Elementary|K-8|Junior High-Intermediate-Middle|Early Childhood|Ungraded|Collaborative or Multi-graded,local,review: elementary and middle schools serve a zone or community school district,,,,draft
sca-district-75,sca_school,sca,,CITYWIDE SPECIAL EDUCATION,regional,"review: DOE names District 75 Citywide Special Education, but each program serves students placed at that school; a building shared with a zoned school takes that school's class",DOE School Locations administrative_district_name,,,draft
sca-high-school-title,title,sca,,\b(H\.? ?S\.?|HIGH SCHOOL|HIGH SCHL|SECONDARY)\b,regional,review: high school admissions are not zoned to a district,,,,draft
sca-special-ed-title,title,sca,,\b(SPED|SPECIAL ED),regional,review: District 75 programs ('K721 SPED') found by name where DOE's lists do not hold the building; as sca-district-75,DOE School Locations administrative_district_name,,,draft
sca-default,program,sca,,,local,review: a school building not in DOE's lists is taken as a neighbourhood school,,,,draft
mta-systemwide,mta_location,mta,,car|bus|systemwide|dollar|cbdt,citywide,review: rolling stock and systemwide work serve the whole network,,,,draft
ridership-local,ridership_district,mta,,0.667,local,review: at least two-thirds of the stations' morning riders whose homes can be placed live in the stations' own districts (measured),"MTA Subway Origin-Destination Ridership Estimate 2025 (y2qv-fytt), morning trips; 2020 census tracts (63ge-mke6) within 800 m of each station (subway_station_users)",,,draft
ridership-regional,ridership_borough,mta,,0.667,regional,review: at least two-thirds of the stations' morning riders whose homes can be placed live in the stations' borough (measured),"MTA Subway Origin-Destination Ridership Estimate 2025 (y2qv-fytt), morning trips; 2020 census tracts (63ge-mke6) within 800 m of each station (subway_station_users)",,,draft
ridership-citywide,ridership,mta,,,citywide,review: under two-thirds of the stations' morning riders whose homes can be placed live in their borough (measured),"MTA Subway Origin-Destination Ridership Estimate 2025 (y2qv-fytt), morning trips; 2020 census tracts (63ge-mke6) within 800 m of each station (subway_station_users)",,,draft
nyct-stations,mta_category,mta,,New York City Transit|Passenger Stations,local,review: a subway station serves the area around it,,,,draft
lirr-stations,mta_category,mta,,Long Island Rail Road|Stations,regional,review: a commuter rail station serves a wider area than its district,,,,draft
mnr-stations,mta_category,mta,,Metro-North Railroad|Stations,regional,review: a commuter rail station serves a wider area than its district,,,,draft
nyct-depots,mta_category,mta,,New York City Transit|Depots,regional,review: a bus depot serves the routes of several districts,,,,draft
mta-bus,mta_category,mta,,MTA Bus Company|,regional,review: MTA Bus depots serve the routes of several districts,,,,draft
second-avenue-subway,mta_category,mta,,Network Expansion|Full Length Second Ave Subway,regional,review: a new line serves the districts along it,,,,draft
interborough-express,mta_category,mta,,Network Expansion|Interborough Express,regional,review: a new line serves the districts along it,,,,draft
penn-station-access,mta_category,mta,,Network Expansion|Penn Station Access,regional,review: a new line serves the districts along it,,,,draft
mta-default,program,mta,,,citywide,"review: track, signals, power, structures, yards, bridges and tunnels serve the whole network",,,,draft
