fms_id,source,problem,detail,evidence
PS-287,cpdb_points,point_wrong,placed in Bronx,FacDB 'ELTINGVILLE PUMP STATION/PARK' is in Staten Island
P-502WBBF,cpdb_polygons,point_wrong,placed in Bronx,Parks Properties 'Willowbrook Park' is in Staten Island
HWD104-08,cpdb_polygons,point_wrong,placed in Brooklyn,listed Staten Island (DOT); Victory Blvd is a Staten Island street
P-5MCARPK,cpdb_polygons,point_wrong,placed in Manhattan,title code R067 (Staten Island); Parks 'Gen. Douglas MacArthur Park' is in Staten Island; CPDB matched Manhattan's MacArthur Playground
PS-316,cpdb_points,point_wrong,placed in Staten Island,title says 'AVENUE U PUMPING STATION BROOKLYN'
P-202BRD2,cpdb_polygons,point_wrong,placed in the Bronx,title code B223 (Brooklyn); Parks 'Susan Smith McKinney Steward Park' is in Brooklyn
P-311MGPG,cpdb_polygons,point_wrong,placed in Brooklyn,Parks 'Marcus Garvey Park' is in Manhattan; CPDB matched the Marcus Garvey houses in Brooklyn
P-300FDCG,cpdb_points,point_wrong,placed in Queens,Parks 'Frederick Douglass Playground' is in Manhattan; a Queens school shares the name
P-300FDCG,parks_tracker,point_wrong,placed in Queens,as above; the Parks tracker has the same wrong point
P-1BESSEL,cpdb_polygons,point_wrong,placed in Brooklyn,title code XG- (Bronx); listed Bronx 12
SANDY4-52,cpdb_points,point_wrong,placed in Brooklyn,"Beach 32nd Street is in the Rockaways, Queens"
SANDY4-52,parks_tracker,point_wrong,placed in Brooklyn,"Beach 32nd Street is in the Rockaways, Queens"
P-302TDRS,cpdb_polygons,point_wrong,placed in Staten Island,FacDB and Parks put Tony Dapolito Recreation Center in Manhattan (Greenwich Village)
EC-SER24,dot_intersections,point_wrong,placed in Brooklyn,title says 'Staten Island'
P-412DOP3,parks_tracker,point_wrong,placed in Manhattan,title code Q106; Parks 'Daniel M. O'Connell Playground' is in Queens (the CPDB point agrees)
SANDY4-53,cpdb_polygons,point_wrong,placed in Manhattan,"Flight 587 Memorial Park is in Queens; CPDB matched Parks property 'Plaza' (M411, Hudson St)"
P-200ZO19,cpdb_polygons,point_wrong,placed in Manhattan,"Prospect Park Zoo is in Brooklyn; CPDB matched Parks property 'Plaza' (M411, Hudson St)"
P-200PPEP,cpdb_polygons,point_wrong,placed in Manhattan,"Prospect Park is in Brooklyn; CPDB matched Parks property 'Plaza' (M411, Hudson St)"
P-3BWWAT1,parks_tracker,point_wrong,placed in the Bronx,title code MG-; Parks 'Verdi Square' is in Manhattan
P-3BWWAT1,cpdb_points,point_wrong,placed in the Bronx,title code MG-; Parks 'Verdi Square' is in Manhattan
P-5STFMHN,parks_tracker,listing_wrong,borough field wrong; the point is right,"title 'Mahoney Park, SI'; point is in Staten Island, borough field says Manhattan"
P-218MPNC,parks_tracker,listing_wrong,borough field wrong; the point is right,"title code B057 (Brooklyn); Marine Park is in Brooklyn, borough field says Queens"
P-3ALSMTH,parks_tracker,listing_wrong,borough field wrong; the point is right,"description names Alfred E. Smith Playground Recreation Center, in Manhattan (FacDB, Parks); borough field says Staten Island"
PS-278,cpdb_points,listing_wrong,borough field wrong; the point is right,description names the Linden Place pumping station; Linden Place exists only in Queens (street centerline); borough field says Manhattan
HH115NLBR,cpdb_points,unclear,borough conflict; not settled,"'Jamaica's women's shelter' listed in the Bronx, placed in Jamaica, Queens; no FacDB row to settle it"
KG037-015,cpdb_polygons,unclear,borough conflict; not settled,"Science and Resilience Institute at Jamaica Bay is placed at Brooklyn College, which hosts the institute; listed Queens"
27202401,cpdb_points,unclear,borough conflict; not settled,"Gotham Health pediatric clinics, listed Brooklyn, placed in Staten Island; may be several clinics"
PS-289,cpdb_points,unclear,borough conflict; not settled,"19th Street pumping station listed Manhattan 06, placed in Brooklyn"
P-2BELTPF,cpdb_polygons,unclear,borough conflict; not settled,"Belt Parkway forest restoration listed Brooklyn, placed in Queens; the parkway runs through both"
HWPEDSF4A,cpdb_polygons,unclear,borough conflict; not settled,"multi-site pedestrian safety listed Brooklyn, placed in Queens"
HWPEDSF4A,dot_intersections,unclear,borough conflict; not settled,"multi-site pedestrian safety listed Brooklyn, placed in Queens"
ACEDPR408,parks_tracker,unclear,borough conflict; not settled,"citywide HVAC controls program (CNYG) listed Manhattan, placed in Queens"
ACEDPR408,cpdb_points,unclear,borough conflict; not settled,"citywide HVAC controls program (CNYG) listed Manhattan, placed in Queens"
PW348-74,cpdb_points,unclear,borough conflict; not settled,"fuel tank replacement listed Staten Island, placed in Brooklyn"
60202201,cpdb_points,point_wrong,placed in Astoria,"title 'GOTHAM - Far Rockaway Primary Care Center'; CPDB point is a FacDB 'PRIMARY CARE CENTER' in Astoria, 21 km away"
HL82CHNWH,cpdb_points,point_wrong,placed at 125 Worth St (DOHMH),"Community Healthcare Network, Washington Heights; listed Manhattan 12"
SANDY3-27,cpdb_polygons,point_wrong,placed at Hudson St,Vietnam Veterans Memorial Park is in lower Manhattan; CPDB matched Parks property 'Plaza' (M411)
PO79-77FA,cpdb_points,point_wrong,placed in Carroll Gardens,77th Precinct is on Utica Ave (FacDB); the listed district Brooklyn 08 agrees with FacDB
S136-464B,cpdb_points,point_wrong,placed on the Brooklyn 9 garage,"Brooklyn 8 garage; FacDB BKN08G and the listed district Brooklyn 08 agree, 2.6 km away"
HL82HSS3,cpdb_points,generic_point,placed at 125 Worth St (DOHMH),"grant or equipment for an outside hospital or college, placed at the DOHMH office; not in the current capital projects data"
HL82JHMC,cpdb_points,generic_point,placed at 125 Worth St (DOHMH),"grant or equipment for an outside hospital or college, placed at the DOHMH office; not in the current capital projects data"
HL82NYUD,cpdb_points,generic_point,placed at 125 Worth St (DOHMH),"grant or equipment for an outside hospital or college, placed at the DOHMH office; not in the current capital projects data"
HL82VILCN,cpdb_points,generic_point,placed at 125 Worth St (DOHMH),"grant or equipment for an outside hospital or college, placed at the DOHMH office; not in the current capital projects data"
HL98HSS,cpdb_points,generic_point,placed at 125 Worth St (DOHMH),"grant or equipment for an outside hospital or college, placed at the DOHMH office; not in the current capital projects data"
HL99NYHQ,cpdb_points,generic_point,placed at 125 Worth St (DOHMH),"grant or equipment for an outside hospital or college, placed at the DOHMH office; not in the current capital projects data"
C138FEDER,cpdb_points,generic_point,one Rikers point for jails across the island,12 projects at five jails share one CPDB point (FacDB 'RIKERS ISLAND CORR. COMPLEX'); titles name the jail
C138PROB5,cpdb_points,generic_point,one Rikers point for jails across the island,12 projects at five jails share one CPDB point (FacDB 'RIKERS ISLAND CORR. COMPLEX'); titles name the jail
C138PURGR,cpdb_points,generic_point,one Rikers point for jails across the island,12 projects at five jails share one CPDB point (FacDB 'RIKERS ISLAND CORR. COMPLEX'); titles name the jail
C75GRVCHV,cpdb_points,generic_point,one Rikers point for jails across the island,12 projects at five jails share one CPDB point (FacDB 'RIKERS ISLAND CORR. COMPLEX'); titles name the jail
C75GRVRFW,cpdb_points,generic_point,one Rikers point for jails across the island,12 projects at five jails share one CPDB point (FacDB 'RIKERS ISLAND CORR. COMPLEX'); titles name the jail
C75NICA/C,cpdb_points,generic_point,one Rikers point for jails across the island,12 projects at five jails share one CPDB point (FacDB 'RIKERS ISLAND CORR. COMPLEX'); titles name the jail
C75NICADA,cpdb_points,generic_point,one Rikers point for jails across the island,12 projects at five jails share one CPDB point (FacDB 'RIKERS ISLAND CORR. COMPLEX'); titles name the jail
C75RMPWR,cpdb_points,generic_point,one Rikers point for jails across the island,12 projects at five jails share one CPDB point (FacDB 'RIKERS ISLAND CORR. COMPLEX'); titles name the jail
C75RMSRFW,cpdb_points,generic_point,one Rikers point for jails across the island,12 projects at five jails share one CPDB point (FacDB 'RIKERS ISLAND CORR. COMPLEX'); titles name the jail
C75RNDHV,cpdb_points,generic_point,one Rikers point for jails across the island,12 projects at five jails share one CPDB point (FacDB 'RIKERS ISLAND CORR. COMPLEX'); titles name the jail
SANDAMKC,cpdb_points,generic_point,one Rikers point for jails across the island,12 projects at five jails share one CPDB point (FacDB 'RIKERS ISLAND CORR. COMPLEX'); titles name the jail
SANDRNDC,cpdb_points,generic_point,one Rikers point for jails across the island,12 projects at five jails share one CPDB point (FacDB 'RIKERS ISLAND CORR. COMPLEX'); titles name the jail
BY024-012,cpdb_polygons,unclear,placed in lower Manhattan,"Haitian Studies Institute, a Brooklyn College institute; 10-12 km from the campus"
BY025-012,cpdb_polygons,unclear,placed in lower Manhattan,"Haitian Studies Institute, a Brooklyn College institute; 10-12 km from the campus"
CC026-013,cpdb_polygons,unclear,placed near BMCC,Aaron Davis Hall is on the City College campus
C75EWGRVC,cpdb_points,point_wrong,placed on AMKC,"title 'Emergency Work for GRVC'; the CPDB point is AMKC's (FacDB), 1.2 km from GRVC"
HBRA24982,cpdb_points,point_wrong,8.1 km from the bridge,the text quotes BIN 2249820; NYC DOT Bridge Ratings places it (ARTHUR KILL ROAD OVER ARTHUR KILL STREAM) 8.1 km from this point; the title names the same bridge in words; nearest bridge to the CPDB point is Richmond Ave over Richmond Creek
HBBA66671,cpdb_points,point_wrong,1.0 km from the bridge,"the text quotes BIN 2066671; NYC DOT Bridge Ratings places it (BRUCKNER EXPWY SB OVER BRONX RIVER) 1.0 km from this point; the title names the same bridge in words; the CPDB point is Bruckner Expwy over Amtrak-CSX, used for three different Bruckner bridges"
HBBA07692,cpdb_points,point_wrong,3.7 km from the bridge,"the text quotes BIN 2076929; NYC DOT Bridge Ratings places it (BRUCKNER EXPWY OVER CSX - HUNTS POINT) 3.7 km from this point; the title names the same bridge in words; the CPDB point is Bruckner Expwy over Amtrak-CSX, used for three different Bruckner bridges"
HBBA66672,cpdb_points,point_wrong,1.0 km from the bridge,"the text quotes BIN 2066672; NYC DOT Bridge Ratings places it (BRUCKNER EXPWY NB OVER BRONX RIVER) 1.0 km from this point; the title names the same bridge in words; the CPDB point is Bruckner Expwy over Amtrak-CSX, used for three different Bruckner bridges"
HBX1123,dot_intersections,point_wrong,3.2 km from the bridge,"the text quotes BIN 2075351, 2075352; NYC DOT Bridge Ratings places it (BRUCKNER EXPWY SB OVER AMTRAK - CSX) 3.2 km from this point; the title names the same bridges in words; the DOT intersection point is near Unionport Rd and White Plains Rd over Amtrak-CSX"
HBK231250,bridge_bin,listing_wrong,borough field wrong; the bridge is right,title '81st St Ped Bridge over BSHP BIN 2231250' quotes BIN 2231250; NYC DOT Bridge Ratings has it as '81ST ST PED BRDG OVER BSHP' in Brooklyn (district 310); borough field says Manhattan
HBK231260,bridge_bin,listing_wrong,borough field wrong; the bridge is right,title '92nd St Ped Bridge over BSHP BIN 2231260' quotes BIN 2231260; NYC DOT Bridge Ratings has it as '92ND ST PED BRDG OVER BSHP' in Brooklyn (district 310); borough field says Manhattan
HBR249710,bridge_bin,listing_wrong,borough field wrong; the bridge is right,title 'West Footbridge over Clove Lake BIN 2249710' quotes BIN 2249710; NYC DOT Bridge Ratings has it as 'WEST FOOTBRIDGE OVER CLOVE LAKE' in Staten Island (district 501); borough field says Manhattan
HBQ248110,bridge_bin,listing_wrong,borough field wrong; the bridge is right,title 'Motor Pkwy (Ped) over Alley Pk Ped Walk BIN 2248110' quotes BIN 2248110; NYC DOT Bridge Ratings has it as 'MOTOR PKWY (PED) OVER ALLEY PK PED WALK' in Queens (district 413); borough field says Manhattan
HBMA22934,cpdb_points,unclear,"W 158th St interchange, or 3.6 km south of the ramp","the text quotes BIN 222934A and describes it in the same words as NYC DOT Bridge Ratings ('RAMP TO N.B. HHP OVER AMTRAK WEST SIDE'), but the sources disagree on where it is: DOT places 222934A near Dyckman St; CPDB places the project at the W 158th St interchange, next to BIN 2229349 (HHP over W 158 St), which shares its base number 222934. Same-base BINs are usually within 500 m of each other in DOT's data; this pair, 3.7 km apart, is the widest gap in the dataset. Not settled by official data"
HBMA22934,bridge_bin,unclear,"near Dyckman St, or 3.6 km north of the ramp","the text quotes BIN 222934A and describes it in the same words as NYC DOT Bridge Ratings ('RAMP TO N.B. HHP OVER AMTRAK WEST SIDE'), but the sources disagree on where it is: DOT places 222934A near Dyckman St; CPDB places the project at the W 158th St interchange, next to BIN 2229349 (HHP over W 158 St), which shares its base number 222934. Same-base BINs are usually within 500 m of each other in DOT's data; this pair, 3.7 km apart, is the widest gap in the dataset. Not settled by official data"
FD175GE16,schedule_history,value_wrong,forecast completion 3026-05-01 (May 2025 snapshot),"PID 3461 'Generator - EC16' (FDNY): the May 2025 snapshot gives a forecast completion of 3026-05-01 and a variance of +365,362 days; the January 2026 snapshot gives 2027-03-01, so the next variance (-364,938 days) is the correction. A 1,000-year slip is a typo for 2026"
